trace_name,source_id,source_origin_time,source_latitude_deg,source_longitude_deg,source_depth_km,station_code,trace_p_arrival_time,trace_s_arrival_time
be6c4b02-1214-424a-a2f0-27869e5b60d7_DRSC,be6c4b02-1214-424a-a2f0-27869e5b60d7,2020-03-09T02:49:17.460000Z,-76.601161,-103.462207,1.93,DRSC,2020-03-09T02:49:18.055451Z,2020-03-09T02:49:18.616606Z
8ce5a0c7-d345-44c9-b908-05d637ce0e9d_DRSC,8ce5a0c7-d345-44c9-b908-05d637ce0e9d,2020-03-09T04:06:39.570000Z,-76.599889,-103.463459,1.78,DRSC,,2020-03-09T04:06:40.713096Z
b752a300-96c8-4af8-835e-64b85bc96d64_DRSC,b752a300-96c8-4af8-835e-64b85bc96d64,2020-03-09T11:17:24.875000Z,-76.599787,-103.457244,1.73,DRSC,2020-03-09T11:17:25.393273Z,2020-03-09T11:17:25.955545Z
a1d883ce-6a51-4320-b453-73ca0ed11633_DRSC,a1d883ce-6a51-4320-b453-73ca0ed11633,2020-03-09T15:06:07.165000Z,-76.593391,-103.466588,1.54,DRSC,2020-03-09T15:06:07.726943Z,2020-03-09T15:06:08.290347Z
397bbcfb-17d6-4845-a4d8-9fc8ebd9d0fc_TJTJ,397bbcfb-17d6-4845-a4d8-9fc8ebd9d0fc,2020-08-01T04:33:16.545000Z,-77.2941,-100.482231,3.14,TJTJ,,2020-08-01T04:33:18.132183Z
300a4d66-89f9-49ee-a005-6a471ede1158_TJTJ,300a4d66-89f9-49ee-a005-6a471ede1158,2020-08-01T08:58:11.790000Z,-77.293877,-100.48121,3.13,TJTJ,,2020-08-01T08:58:13.370853Z
7b79c32b-bd7e-4801-b684-fcf300bb59ca_TJTJ,7b79c32b-bd7e-4801-b684-fcf300bb59ca,2020-08-12T16:24:41.695000Z,-77.2941,-100.482231,3.07,TJTJ,,2020-08-12T16:24:43.274056Z
683dfc2d-012a-4a5c-805d-41a6e2cb60fb_TJTJ,683dfc2d-012a-4a5c-805d-41a6e2cb60fb,2020-08-12T18:59:48.320000Z,-77.294101,-100.481213,3.13,TJTJ,,2020-08-12T18:59:49.902435Z
d1312546-68a0-4490-80b6-d48b7c8e23ad_TJTJ,d1312546-68a0-4490-80b6-d48b7c8e23ad,2020-08-12T21:00:34.010000Z,-77.293878,-100.480193,3.13,TJTJ,,2020-08-12T21:00:35.591654Z
d1312546-68a0-4490-80b6-d48b7c8e23ad_OTIS,d1312546-68a0-4490-80b6-d48b7c8e23ad,2020-08-12T21:00:34.010000Z,-77.293878,-100.480193,3.13,OTIS,2020-08-12T21:00:35.491861Z,
6992c35f-ff72-40df-a8ff-1789ba666c05_TJTJ,6992c35f-ff72-40df-a8ff-1789ba666c05,2020-08-12T22:15:17.685000Z,-77.293876,-100.482228,3.07,TJTJ,,2020-08-12T22:15:19.268618Z
2b2ab3b5-d7f6-4792-bc37-81a3a54c98b7_DEEJ,2b2ab3b5-d7f6-4792-bc37-81a3a54c98b7,2020-08-14T00:14:24.785000Z,-77.280727,-100.311226,2.86,DEEJ,,2020-08-14T00:14:26.286353Z
2b2ab3b5-d7f6-4792-bc37-81a3a54c98b7_TJTJ,2b2ab3b5-d7f6-4792-bc37-81a3a54c98b7,2020-08-14T00:14:24.785000Z,-77.280727,-100.311226,2.86,TJTJ,2020-08-14T00:14:26.204782Z,
ccb33e72-9e3a-4a73-ba6e-def9f196c5a4_TJTJ,ccb33e72-9e3a-4a73-ba6e-def9f196c5a4,2020-08-14T00:45:20.865000Z,-77.294324,-100.482234,3.14,TJTJ,,2020-08-14T00:45:22.442006Z
ccb33e72-9e3a-4a73-ba6e-def9f196c5a4_OTIS,ccb33e72-9e3a-4a73-ba6e-def9f196c5a4,2020-08-14T00:45:20.865000Z,-77.294324,-100.482234,3.14,OTIS,2020-08-14T00:45:22.340948Z,
d6c041e4-925f-455a-a38a-b352195ed17b_TJTJ,d6c041e4-925f-455a-a38a-b352195ed17b,2020-08-14T02:37:23.330000Z,-77.294101,-100.481213,3.13,TJTJ,,2020-08-14T02:37:24.906963Z
d6c041e4-925f-455a-a38a-b352195ed17b_OTIS,d6c041e4-925f-455a-a38a-b352195ed17b,2020-08-14T02:37:23.330000Z,-77.294101,-100.481213,3.13,OTIS,2020-08-14T02:37:24.809572Z,
56d246c5-202e-4747-b95d-c928924ed028_TJTJ,56d246c5-202e-4747-b95d-c928924ed028,2020-08-14T04:44:00.795000Z,-77.294101,-100.481213,3.13,TJTJ,,2020-08-14T04:44:02.370711Z
56d246c5-202e-4747-b95d-c928924ed028_OTIS,56d246c5-202e-4747-b95d-c928924ed028,2020-08-14T04:44:00.795000Z,-77.294101,-100.481213,3.13,OTIS,2020-08-14T04:44:02.269730Z,
980b3aac-0b27-428d-95ee-2ea98ff439a8_TJTJ,980b3aac-0b27-428d-95ee-2ea98ff439a8,2020-08-16T22:29:50.015000Z,-77.294101,-100.481213,3.14,TJTJ,,2020-08-16T22:29:51.599385Z
980b3aac-0b27-428d-95ee-2ea98ff439a8_OTIS,980b3aac-0b27-428d-95ee-2ea98ff439a8,2020-08-16T22:29:50.015000Z,-77.294101,-100.481213,3.14,OTIS,2020-08-16T22:29:51.498117Z,
201b69dc-0bce-4795-b80c-8b1cc4a2542e_TJTJ,201b69dc-0bce-4795-b80c-8b1cc4a2542e,2020-07-12T19:36:15.470000Z,-77.297886,-100.510792,3.26,TJTJ,,2020-07-12T19:36:17.170243Z
18524ffc-7574-46fd-8460-c87b4f3a1ae4_TJTJ,18524ffc-7574-46fd-8460-c87b4f3a1ae4,2020-07-12T20:16:48.045000Z,-77.297886,-100.510792,3.24,TJTJ,,2020-07-12T20:16:49.739951Z
18524ffc-7574-46fd-8460-c87b4f3a1ae4_OTIS,18524ffc-7574-46fd-8460-c87b4f3a1ae4,2020-07-12T20:16:48.045000Z,-77.297886,-100.510792,3.24,OTIS,2020-07-12T20:16:49.447169Z,
f2338b3d-428f-4e45-9dd2-4281cfce1430_TJTJ,f2338b3d-428f-4e45-9dd2-4281cfce1430,2020-07-13T01:51:43.300000Z,-77.297663,-100.50977,3.25,TJTJ,2020-07-13T01:51:44.170816Z,2020-07-13T01:51:44.996857Z
f2338b3d-428f-4e45-9dd2-4281cfce1430_OTIS,f2338b3d-428f-4e45-9dd2-4281cfce1430,2020-07-13T01:51:43.300000Z,-77.297663,-100.50977,3.25,OTIS,2020-07-13T01:51:44.703539Z,
94f15a83-1f90-4991-bdb5-f7b33370c380_TJTJ,94f15a83-1f90-4991-bdb5-f7b33370c380,2020-07-13T03:17:49.705000Z,-77.29811,-100.510796,3.25,TJTJ,,2020-07-13T03:17:51.418495Z
94f15a83-1f90-4991-bdb5-f7b33370c380_OTIS,94f15a83-1f90-4991-bdb5-f7b33370c380,2020-07-13T03:17:49.705000Z,-77.29811,-100.510796,3.25,OTIS,2020-07-13T03:17:51.124539Z,
592c685b-82ad-4021-ab1d-e91172fa1fda_TJTJ,592c685b-82ad-4021-ab1d-e91172fa1fda,2020-07-13T04:01:59.765000Z,-77.297886,-100.510792,3.26,TJTJ,,2020-07-13T04:02:01.479356Z
592c685b-82ad-4021-ab1d-e91172fa1fda_OTIS,592c685b-82ad-4021-ab1d-e91172fa1fda,2020-07-13T04:01:59.765000Z,-77.297886,-100.510792,3.26,OTIS,2020-07-13T04:02:01.182957Z,
2fac2b7b-0df5-4843-90a7-af00ad0cdf2f_TJTJ,2fac2b7b-0df5-4843-90a7-af00ad0cdf2f,2020-07-13T05:13:23.570000Z,-77.297662,-100.510789,3.25,TJTJ,,2020-07-13T05:13:25.281042Z
2fac2b7b-0df5-4843-90a7-af00ad0cdf2f_OTIS,2fac2b7b-0df5-4843-90a7-af00ad0cdf2f,2020-07-13T05:13:23.570000Z,-77.297662,-100.510789,3.25,OTIS,2020-07-13T05:13:24.987130Z,
6a7f98f6-4465-4f01-87af-dc821d7c7374_TJTJ,6a7f98f6-4465-4f01-87af-dc821d7c7374,2020-07-13T06:21:13.780000Z,-77.298111,-100.509778,3.26,TJTJ,,2020-07-13T06:21:15.492625Z
6a7f98f6-4465-4f01-87af-dc821d7c7374_OTIS,6a7f98f6-4465-4f01-87af-dc821d7c7374,2020-07-13T06:21:13.780000Z,-77.298111,-100.509778,3.26,OTIS,2020-07-13T06:21:15.200199Z,
82227095-03f0-455a-82cf-3854b9783077_TJTJ,82227095-03f0-455a-82cf-3854b9783077,2020-07-13T07:09:09.735000Z,-77.297663,-100.50977,3.26,TJTJ,,2020-07-13T07:09:11.448378Z
82227095-03f0-455a-82cf-3854b9783077_OTIS,82227095-03f0-455a-82cf-3854b9783077,2020-07-13T07:09:09.735000Z,-77.297663,-100.50977,3.26,OTIS,2020-07-13T07:09:11.155559Z,
6e85ee5d-5a34-462f-b974-561943c2358a_TJTJ,6e85ee5d-5a34-462f-b974-561943c2358a,2020-07-13T08:24:44.835000Z,-77.297663,-100.50977,3.32,TJTJ,,2020-07-13T08:24:46.570652Z
6e85ee5d-5a34-462f-b974-561943c2358a_OTIS,6e85ee5d-5a34-462f-b974-561943c2358a,2020-07-13T08:24:44.835000Z,-77.297663,-100.50977,3.32,OTIS,2020-07-13T08:24:46.268355Z,
8dcf07ed-aa53-439c-98df-e4bc465b0c07_TJTJ,8dcf07ed-aa53-439c-98df-e4bc465b0c07,2020-07-13T11:55:56.735000Z,-77.297662,-100.510789,3.26,TJTJ,2020-07-13T11:55:57.624018Z,2020-07-13T11:55:58.447955Z
8dcf07ed-aa53-439c-98df-e4bc465b0c07_OTIS,8dcf07ed-aa53-439c-98df-e4bc465b0c07,2020-07-13T11:55:56.735000Z,-77.297662,-100.510789,3.26,OTIS,2020-07-13T11:55:58.154727Z,
2a15ba1f-99d6-4ceb-9c6f-5c40803e65d7_TJTJ,2a15ba1f-99d6-4ceb-9c6f-5c40803e65d7,2020-07-16T15:51:24.955000Z,-77.293876,-100.482228,3.07,TJTJ,,2020-07-16T15:51:26.544003Z
7f53c00d-14bc-4bf5-bd71-11979cbb27cd_TJTJ,7f53c00d-14bc-4bf5-bd71-11979cbb27cd,2020-07-16T18:00:20.690000Z,-77.2941,-100.482231,3.15,TJTJ,,2020-07-16T18:00:22.276787Z
8deaf378-7307-4223-9e51-354f8023e2d8_TJTJ,8deaf378-7307-4223-9e51-354f8023e2d8,2020-07-16T19:10:30.510000Z,-77.293877,-100.48121,3.14,TJTJ,,2020-07-16T19:10:32.099454Z
8b117554-3280-4f05-8cfe-9d8a6a8a01ef_TJTJ,8b117554-3280-4f05-8cfe-9d8a6a8a01ef,2020-07-16T19:58:01.365000Z,-77.294101,-100.481213,3.14,TJTJ,,2020-07-16T19:58:02.947618Z
59fb9d6b-4d4f-4bd7-9478-3ee20eb3751f_TJTJ,59fb9d6b-4d4f-4bd7-9478-3ee20eb3751f,2020-07-16T20:28:55.890000Z,-77.294101,-100.481213,3.13,TJTJ,,2020-07-16T20:28:57.481666Z
ac8dc0fe-5e98-4180-9908-7dbb65b99446_TJTJ,ac8dc0fe-5e98-4180-9908-7dbb65b99446,2020-07-16T22:08:59.985000Z,-77.294101,-100.481213,3.14,TJTJ,,2020-07-16T22:09:01.576089Z
926d911a-277d-47c3-b3ff-9f98c9e49866_TJTJ,926d911a-277d-47c3-b3ff-9f98c9e49866,2020-07-16T23:14:21.840000Z,-77.293877,-100.48121,3.14,TJTJ,,2020-07-16T23:14:23.430162Z
ffec101b-330b-4c29-82dc-379a4d667dee_LILA,ffec101b-330b-4c29-82dc-379a4d667dee,2020-07-17T00:14:44.890000Z,-77.294101,-100.481213,3.14,LILA,2020-07-17T00:14:46.542437Z,
ffec101b-330b-4c29-82dc-379a4d667dee_TJTJ,ffec101b-330b-4c29-82dc-379a4d667dee,2020-07-17T00:14:44.890000Z,-77.294101,-100.481213,3.14,TJTJ,,2020-07-17T00:14:46.479981Z
ffec101b-330b-4c29-82dc-379a4d667dee_OTIS,ffec101b-330b-4c29-82dc-379a4d667dee,2020-07-17T00:14:44.890000Z,-77.294101,-100.481213,3.14,OTIS,2020-07-17T00:14:46.372246Z,
0476fe4e-1ece-4e23-8594-7f45ecb1721e_TJTJ,0476fe4e-1ece-4e23-8594-7f45ecb1721e,2020-07-17T01:27:26.535000Z,-77.294101,-100.481213,3.15,TJTJ,,2020-07-17T01:27:28.131155Z
0476fe4e-1ece-4e23-8594-7f45ecb1721e_OTIS,0476fe4e-1ece-4e23-8594-7f45ecb1721e,2020-07-17T01:27:26.535000Z,-77.294101,-100.481213,3.15,OTIS,2020-07-17T01:27:28.024507Z,
950e5098-b5df-4163-b714-c714941f3ced_TJTJ,950e5098-b5df-4163-b714-c714941f3ced,2020-07-17T02:26:09.570000Z,-77.294101,-100.481213,3.13,TJTJ,,2020-07-17T02:26:11.151674Z
313770e9-b8c1-458f-a599-4bab3f580f80_DEEJ,313770e9-b8c1-458f-a599-4bab3f580f80,2020-07-17T03:23:43.085000Z,-77.2941,-100.482231,3.14,DEEJ,2020-07-17T03:23:44.598190Z,
313770e9-b8c1-458f-a599-4bab3f580f80_TJTJ,313770e9-b8c1-458f-a599-4bab3f580f80,2020-07-17T03:23:43.085000Z,-77.2941,-100.482231,3.14,TJTJ,,2020-07-17T03:23:44.677193Z
b043097f-448d-4045-8e70-f93d2ff3882d_TJTJ,b043097f-448d-4045-8e70-f93d2ff3882d,2020-07-17T04:23:42.850000Z,-77.293876,-100.482228,3.14,TJTJ,,2020-07-17T04:23:44.435393Z
35de8296-cd81-4da3-a745-dfb373eb9338_TJTJ,35de8296-cd81-4da3-a745-dfb373eb9338,2020-07-17T18:18:20.740000Z,-77.293876,-100.482228,3.14,TJTJ,,2020-07-17T18:18:22.345568Z
b5d0d2f4-5082-43fe-842f-0c713c021566_TJTJ,b5d0d2f4-5082-43fe-842f-0c713c021566,2020-07-18T01:02:10.860000Z,-77.294101,-100.481213,3.15,TJTJ,,2020-07-18T01:02:12.445192Z
94fc8a28-c52b-46c2-8a31-863d317d4387_TJTJ,94fc8a28-c52b-46c2-8a31-863d317d4387,2020-07-18T01:30:53.100000Z,-77.294101,-100.481213,3.13,TJTJ,,2020-07-18T01:30:54.697278Z
94fc8a28-c52b-46c2-8a31-863d317d4387_OTIS,94fc8a28-c52b-46c2-8a31-863d317d4387,2020-07-18T01:30:53.100000Z,-77.294101,-100.481213,3.13,OTIS,2020-07-18T01:30:54.590064Z,
4093113c-8695-4516-b65f-4acd3757a2c4_TJTJ,4093113c-8695-4516-b65f-4acd3757a2c4,2020-07-19T20:32:02.790000Z,-77.293877,-100.48121,3.14,TJTJ,,2020-07-19T20:32:04.375014Z
4093113c-8695-4516-b65f-4acd3757a2c4_OTIS,4093113c-8695-4516-b65f-4acd3757a2c4,2020-07-19T20:32:02.790000Z,-77.293877,-100.48121,3.14,OTIS,2020-07-19T20:32:04.269882Z,
02d6de08-5e50-4e41-9847-ed9524fa2db2_TJTJ,02d6de08-5e50-4e41-9847-ed9524fa2db2,2020-07-19T21:38:39.955000Z,-77.293877,-100.48121,3.14,TJTJ,,2020-07-19T21:38:41.536655Z
02d6de08-5e50-4e41-9847-ed9524fa2db2_OTIS,02d6de08-5e50-4e41-9847-ed9524fa2db2,2020-07-19T21:38:39.955000Z,-77.293877,-100.48121,3.14,OTIS,2020-07-19T21:38:41.431054Z,
97db3229-e5fa-443f-9271-1f4418e3a424_TJTJ,97db3229-e5fa-443f-9271-1f4418e3a424,2020-07-19T22:08:02.075000Z,-77.297887,-100.509774,3.26,TJTJ,,2020-07-19T22:08:03.784541Z
97db3229-e5fa-443f-9271-1f4418e3a424_OTIS,97db3229-e5fa-443f-9271-1f4418e3a424,2020-07-19T22:08:02.075000Z,-77.297887,-100.509774,3.26,OTIS,2020-07-19T22:08:03.495173Z,
7d297ca6-fa8d-40b4-adcb-6d86c6a9d35e_TJTJ,7d297ca6-fa8d-40b4-adcb-6d86c6a9d35e,2020-07-19T22:14:52.520000Z,-77.294101,-100.481213,3.14,TJTJ,,2020-07-19T22:14:54.115133Z
7d297ca6-fa8d-40b4-adcb-6d86c6a9d35e_OTIS,7d297ca6-fa8d-40b4-adcb-6d86c6a9d35e,2020-07-19T22:14:52.520000Z,-77.294101,-100.481213,3.14,OTIS,2020-07-19T22:14:54.007762Z,
c1203cae-410a-4a92-b471-5654002683a1_TJTJ,c1203cae-410a-4a92-b471-5654002683a1,2020-07-19T22:37:29.310000Z,-77.297664,-100.508752,3.27,TJTJ,2020-07-19T22:37:30.199813Z,2020-07-19T22:37:31.023570Z
c1203cae-410a-4a92-b471-5654002683a1_OTIS,c1203cae-410a-4a92-b471-5654002683a1,2020-07-19T22:37:29.310000Z,-77.297664,-100.508752,3.27,OTIS,2020-07-19T22:37:30.730732Z,
1053c303-5751-40a9-ae69-fdf320e75d51_TJTJ,1053c303-5751-40a9-ae69-fdf320e75d51,2020-07-20T08:32:01.925000Z,-77.2941,-100.482231,3.15,TJTJ,,2020-07-20T08:32:03.518733Z
55705ec6-c152-46ee-904e-15d11b8f5878_TJTJ,55705ec6-c152-46ee-904e-15d11b8f5878,2020-07-20T13:46:25.965000Z,-77.293877,-100.48121,3.16,TJTJ,,2020-07-20T13:46:27.555325Z
112af55a-df48-46f0-9d48-5114b96c60f4_TJTJ,112af55a-df48-46f0-9d48-5114b96c60f4,2020-07-20T14:19:53.975000Z,-77.2941,-100.482231,3.15,TJTJ,,2020-07-20T14:19:55.563901Z
27eb226b-2583-4ef6-9415-20a4b5614d34_TJTJ,27eb226b-2583-4ef6-9415-20a4b5614d34,2020-07-20T15:04:17.265000Z,-77.293877,-100.48121,3.15,TJTJ,,2020-07-20T15:04:18.864269Z
f1893721-19b9-440e-b3b0-34067f6b7ebc_TJTJ,f1893721-19b9-440e-b3b0-34067f6b7ebc,2020-07-20T15:56:07.335000Z,-77.293877,-100.48121,3.14,TJTJ,,2020-07-20T15:56:08.921955Z
f1893721-19b9-440e-b3b0-34067f6b7ebc_OTIS,f1893721-19b9-440e-b3b0-34067f6b7ebc,2020-07-20T15:56:07.335000Z,-77.293877,-100.48121,3.14,OTIS,2020-07-20T15:56:08.817092Z,
2b12e51c-f187-409b-8a7d-ae82eed677ef_TJTJ,2b12e51c-f187-409b-8a7d-ae82eed677ef,2020-07-20T18:47:54.505000Z,-77.293877,-100.48121,3.15,TJTJ,,2020-07-20T18:47:56.101502Z
637caafc-f43b-40fa-b922-50735abb2205_TJTJ,637caafc-f43b-40fa-b922-50735abb2205,2020-07-20T19:36:53.665000Z,-77.293876,-100.482228,3.15,TJTJ,,2020-07-20T19:36:55.251829Z
637caafc-f43b-40fa-b922-50735abb2205_OTIS,637caafc-f43b-40fa-b922-50735abb2205,2020-07-20T19:36:53.665000Z,-77.293876,-100.482228,3.15,OTIS,2020-07-20T19:36:55.138689Z,
813cfdfc-7af9-4a04-967a-394fc533654a_TJTJ,813cfdfc-7af9-4a04-967a-394fc533654a,2020-07-20T20:29:51.960000Z,-77.294101,-100.481213,3.15,TJTJ,,2020-07-20T20:29:53.543327Z
813cfdfc-7af9-4a04-967a-394fc533654a_OTIS,813cfdfc-7af9-4a04-967a-394fc533654a,2020-07-20T20:29:51.960000Z,-77.294101,-100.481213,3.15,OTIS,2020-07-20T20:29:53.434609Z,
ebf85a85-424d-4789-92af-116f1c374e88_TJTJ,ebf85a85-424d-4789-92af-116f1c374e88,2020-07-20T21:32:03.250000Z,-77.294101,-100.481213,3.15,TJTJ,,2020-07-20T21:32:04.832658Z
ebf85a85-424d-4789-92af-116f1c374e88_OTIS,ebf85a85-424d-4789-92af-116f1c374e88,2020-07-20T21:32:03.250000Z,-77.294101,-100.481213,3.15,OTIS,2020-07-20T21:32:04.724382Z,
e7368b10-f5a6-4716-8fb7-50c7628a9a26_TJTJ,e7368b10-f5a6-4716-8fb7-50c7628a9a26,2020-07-20T22:32:35.650000Z,-77.293877,-100.48121,3.15,TJTJ,,2020-07-20T22:32:37.250031Z
e7368b10-f5a6-4716-8fb7-50c7628a9a26_OTIS,e7368b10-f5a6-4716-8fb7-50c7628a9a26,2020-07-20T22:32:35.650000Z,-77.293877,-100.48121,3.15,OTIS,2020-07-20T22:32:37.139252Z,
fe0b53c9-f048-434e-bbfe-6e6062c56b65_TJTJ,fe0b53c9-f048-434e-bbfe-6e6062c56b65,2020-07-20T23:32:28.905000Z,-77.293876,-100.482228,3.15,TJTJ,,2020-07-20T23:32:30.503926Z
fe0b53c9-f048-434e-bbfe-6e6062c56b65_OTIS,fe0b53c9-f048-434e-bbfe-6e6062c56b65,2020-07-20T23:32:28.905000Z,-77.293876,-100.482228,3.15,OTIS,2020-07-20T23:32:30.393836Z,
5092b62a-a7f6-4466-bb3f-97459b2e1c48_TJTJ,5092b62a-a7f6-4466-bb3f-97459b2e1c48,2020-07-21T00:33:58.155000Z,-77.293877,-100.48121,3.15,TJTJ,,2020-07-21T00:33:59.740717Z
5092b62a-a7f6-4466-bb3f-97459b2e1c48_OTIS,5092b62a-a7f6-4466-bb3f-97459b2e1c48,2020-07-21T00:33:58.155000Z,-77.293877,-100.48121,3.15,OTIS,2020-07-21T00:33:59.633729Z,
dc7c68f2-e0e9-49c8-b06a-dedf7f5a6eb6_TJTJ,dc7c68f2-e0e9-49c8-b06a-dedf7f5a6eb6,2020-07-21T01:47:35.355000Z,-77.293877,-100.48121,3.15,TJTJ,,2020-07-21T01:47:36.946043Z
dc7c68f2-e0e9-49c8-b06a-dedf7f5a6eb6_OTIS,dc7c68f2-e0e9-49c8-b06a-dedf7f5a6eb6,2020-07-21T01:47:35.355000Z,-77.293877,-100.48121,3.15,OTIS,2020-07-21T01:47:36.837914Z,
c5d3af13-28fd-4850-97aa-9e8788e82992_TJTJ,c5d3af13-28fd-4850-97aa-9e8788e82992,2020-07-23T15:06:09.355000Z,-77.294324,-100.482234,3.15,TJTJ,,2020-07-23T15:06:10.947093Z
158bc88c-c3fb-48f6-b156-e82182aac1f2_TJTJ,158bc88c-c3fb-48f6-b156-e82182aac1f2,2020-07-23T16:03:01.045000Z,-77.294101,-100.481213,3.14,TJTJ,,2020-07-23T16:03:02.634385Z
158bc88c-c3fb-48f6-b156-e82182aac1f2_OTIS,158bc88c-c3fb-48f6-b156-e82182aac1f2,2020-07-23T16:03:01.045000Z,-77.294101,-100.481213,3.14,OTIS,2020-07-23T16:03:02.527397Z,
2ae7906e-1c6c-46a6-8502-ced2811eef75_TJTJ,2ae7906e-1c6c-46a6-8502-ced2811eef75,2020-07-23T17:08:16.185000Z,-77.294101,-100.481213,3.14,TJTJ,,2020-07-23T17:08:17.765982Z
2ae7906e-1c6c-46a6-8502-ced2811eef75_OTIS,2ae7906e-1c6c-46a6-8502-ced2811eef75,2020-07-23T17:08:16.185000Z,-77.294101,-100.481213,3.14,OTIS,2020-07-23T17:08:17.661269Z,
58d9c8eb-9099-40b9-b125-09d63431ace1_TJTJ,58d9c8eb-9099-40b9-b125-09d63431ace1,2020-07-23T18:09:51.440000Z,-77.294101,-100.481213,3.15,TJTJ,,2020-07-23T18:09:53.027185Z
58d9c8eb-9099-40b9-b125-09d63431ace1_OTIS,58d9c8eb-9099-40b9-b125-09d63431ace1,2020-07-23T18:09:51.440000Z,-77.294101,-100.481213,3.15,OTIS,2020-07-23T18:09:52.920354Z,
96434817-8321-4eab-93e0-a0ebd6e881fe_TJTJ,96434817-8321-4eab-93e0-a0ebd6e881fe,2020-07-23T19:08:29.540000Z,-77.293877,-100.48121,3.14,TJTJ,,2020-07-23T19:08:31.128336Z
96434817-8321-4eab-93e0-a0ebd6e881fe_OTIS,96434817-8321-4eab-93e0-a0ebd6e881fe,2020-07-23T19:08:29.540000Z,-77.293877,-100.48121,3.14,OTIS,2020-07-23T19:08:31.023104Z,
0c8a7f03-ef52-4fd7-87fa-f78a567d9acf_TJTJ,0c8a7f03-ef52-4fd7-87fa-f78a567d9acf,2020-07-23T20:17:44.100000Z,-77.294101,-100.481213,3.15,TJTJ,,2020-07-23T20:17:45.687016Z
0c8a7f03-ef52-4fd7-87fa-f78a567d9acf_OTIS,0c8a7f03-ef52-4fd7-87fa-f78a567d9acf,2020-07-23T20:17:44.100000Z,-77.294101,-100.481213,3.15,OTIS,2020-07-23T20:17:45.578637Z,
87851b02-8a4f-4b1e-95d0-daddb483de4b_TJTJ,87851b02-8a4f-4b1e-95d0-daddb483de4b,2020-07-23T22:08:33.355000Z,-77.293877,-100.48121,3.14,TJTJ,,2020-07-23T22:08:34.939098Z
87851b02-8a4f-4b1e-95d0-daddb483de4b_OTIS,87851b02-8a4f-4b1e-95d0-daddb483de4b,2020-07-23T22:08:33.355000Z,-77.293877,-100.48121,3.14,OTIS,2020-07-23T22:08:34.833375Z,
a516be7e-ead5-454f-9cea-db780d7ef55e_TJTJ,a516be7e-ead5-454f-9cea-db780d7ef55e,2020-07-23T23:30:20.505000Z,-77.294101,-100.481213,3.14,TJTJ,,2020-07-23T23:30:22.089022Z
a516be7e-ead5-454f-9cea-db780d7ef55e_OTIS,a516be7e-ead5-454f-9cea-db780d7ef55e,2020-07-23T23:30:20.505000Z,-77.294101,-100.481213,3.14,OTIS,2020-07-23T23:30:21.983590Z,
77aeda88-e5f6-4308-88e6-b805287cbad2_TJTJ,77aeda88-e5f6-4308-88e6-b805287cbad2,2020-07-24T00:36:38.470000Z,-77.293877,-100.48121,3.14,TJTJ,,2020-07-24T00:36:40.056088Z
77aeda88-e5f6-4308-88e6-b805287cbad2_OTIS,77aeda88-e5f6-4308-88e6-b805287cbad2,2020-07-24T00:36:38.470000Z,-77.293877,-100.48121,3.14,OTIS,2020-07-24T00:36:39.949644Z,
4aa0ea48-a923-4934-8800-17cffa0d2bb2_TJTJ,4aa0ea48-a923-4934-8800-17cffa0d2bb2,2020-07-24T02:15:11.475000Z,-77.293876,-100.482228,3.14,TJTJ,,2020-07-24T02:15:13.062770Z
4aa0ea48-a923-4934-8800-17cffa0d2bb2_OTIS,4aa0ea48-a923-4934-8800-17cffa0d2bb2,2020-07-24T02:15:11.475000Z,-77.293876,-100.482228,3.14,OTIS,2020-07-24T02:15:12.956473Z,
d14ff3e4-8518-43fa-9b93-c3cda132409a_TJTJ,d14ff3e4-8518-43fa-9b93-c3cda132409a,2020-07-24T02:58:18.815000Z,-77.293877,-100.48121,3.14,TJTJ,,2020-07-24T02:58:20.402086Z
d14ff3e4-8518-43fa-9b93-c3cda132409a_OTIS,d14ff3e4-8518-43fa-9b93-c3cda132409a,2020-07-24T02:58:18.815000Z,-77.293877,-100.48121,3.14,OTIS,2020-07-24T02:58:20.296138Z,
07b016f8-6532-4b6b-b8b3-4ddf6e852e28_TJTJ,07b016f8-6532-4b6b-b8b3-4ddf6e852e28,2020-07-24T03:42:41.715000Z,-77.294101,-100.481213,3.14,TJTJ,,2020-07-24T03:42:43.304706Z
07b016f8-6532-4b6b-b8b3-4ddf6e852e28_OTIS,07b016f8-6532-4b6b-b8b3-4ddf6e852e28,2020-07-24T03:42:41.715000Z,-77.294101,-100.481213,3.14,OTIS,2020-07-24T03:42:43.199300Z,
1213c059-d500-4fa0-b7e5-fadef0a8ea78_TJTJ,1213c059-d500-4fa0-b7e5-fadef0a8ea78,2020-07-24T05:07:04.415000Z,-77.293877,-100.48121,3.14,TJTJ,,2020-07-24T05:07:06.002916Z
1213c059-d500-4fa0-b7e5-fadef0a8ea78_OTIS,1213c059-d500-4fa0-b7e5-fadef0a8ea78,2020-07-24T05:07:04.415000Z,-77.293877,-100.48121,3.14,OTIS,2020-07-24T05:07:05.897689Z,
5312a7c3-0ba8-450e-bf51-5b90d9c7deeb_TJTJ,5312a7c3-0ba8-450e-bf51-5b90d9c7deeb,2020-07-24T06:18:04.270000Z,-77.293877,-100.48121,3.14,TJTJ,,2020-07-24T06:18:05.863818Z
5312a7c3-0ba8-450e-bf51-5b90d9c7deeb_OTIS,5312a7c3-0ba8-450e-bf51-5b90d9c7deeb,2020-07-24T06:18:04.270000Z,-77.293877,-100.48121,3.14,OTIS,2020-07-24T06:18:05.759669Z,
2ddb6d0d-7f6c-4314-86f3-84580078396e_TJTJ,2ddb6d0d-7f6c-4314-86f3-84580078396e,2020-07-24T07:30:00.255000Z,-77.293876,-100.482228,3.14,TJTJ,,2020-07-24T07:30:01.833643Z
2ddb6d0d-7f6c-4314-86f3-84580078396e_OTIS,2ddb6d0d-7f6c-4314-86f3-84580078396e,2020-07-24T07:30:00.255000Z,-77.293876,-100.482228,3.14,OTIS,2020-07-24T07:30:01.728142Z,
fc18dc90-9049-451f-a5c7-b67287697ad2_TJTJ,fc18dc90-9049-451f-a5c7-b67287697ad2,2020-07-24T08:28:26.370000Z,-77.293877,-100.48121,3.14,TJTJ,,2020-07-24T08:28:27.950924Z
fc18dc90-9049-451f-a5c7-b67287697ad2_OTIS,fc18dc90-9049-451f-a5c7-b67287697ad2,2020-07-24T08:28:26.370000Z,-77.293877,-100.48121,3.14,OTIS,2020-07-24T08:28:27.843134Z,
29bf70d0-326b-4fee-bf48-eb3bdce69e22_TJTJ,29bf70d0-326b-4fee-bf48-eb3bdce69e22,2020-07-24T09:28:40.930000Z,-77.293877,-100.48121,3.14,TJTJ,,2020-07-24T09:28:42.515805Z
29bf70d0-326b-4fee-bf48-eb3bdce69e22_OTIS,29bf70d0-326b-4fee-bf48-eb3bdce69e22,2020-07-24T09:28:40.930000Z,-77.293877,-100.48121,3.14,OTIS,2020-07-24T09:28:42.409566Z,
b3ddb7fb-5d17-4202-ad2f-10b9b3088c85_TJTJ,b3ddb7fb-5d17-4202-ad2f-10b9b3088c85,2020-07-24T10:30:09.365000Z,-77.294101,-100.481213,3.14,TJTJ,,2020-07-24T10:30:10.957859Z
b3ddb7fb-5d17-4202-ad2f-10b9b3088c85_OTIS,b3ddb7fb-5d17-4202-ad2f-10b9b3088c85,2020-07-24T10:30:09.365000Z,-77.294101,-100.481213,3.14,OTIS,2020-07-24T10:30:10.853500Z,
10f3e667-41cb-4fa9-9e26-e7262aa4ea11_TJTJ,10f3e667-41cb-4fa9-9e26-e7262aa4ea11,2020-07-24T11:28:20.420000Z,-77.293877,-100.48121,3.14,TJTJ,,2020-07-24T11:28:22.008575Z
10f3e667-41cb-4fa9-9e26-e7262aa4ea11_OTIS,10f3e667-41cb-4fa9-9e26-e7262aa4ea11,2020-07-24T11:28:20.420000Z,-77.293877,-100.48121,3.14,OTIS,2020-07-24T11:28:21.902675Z,
0f5c0be2-a960-4996-9c99-7900e6192588_TJTJ,0f5c0be2-a960-4996-9c99-7900e6192588,2020-07-24T12:39:24.115000Z,-77.294101,-100.481213,3.14,TJTJ,,2020-07-24T12:39:25.709337Z
0f5c0be2-a960-4996-9c99-7900e6192588_OTIS,0f5c0be2-a960-4996-9c99-7900e6192588,2020-07-24T12:39:24.115000Z,-77.294101,-100.481213,3.14,OTIS,2020-07-24T12:39:25.603733Z,
dc420460-f1c9-429d-938d-5a638ff7819a_TJTJ,dc420460-f1c9-429d-938d-5a638ff7819a,2020-07-24T13:35:00.795000Z,-77.293877,-100.48121,3.14,TJTJ,,2020-07-24T13:35:02.376229Z
dc420460-f1c9-429d-938d-5a638ff7819a_OTIS,dc420460-f1c9-429d-938d-5a638ff7819a,2020-07-24T13:35:00.795000Z,-77.293877,-100.48121,3.14,OTIS,2020-07-24T13:35:02.270244Z,
c216ef00-f8ef-403c-adb7-0669ed01a815_TJTJ,c216ef00-f8ef-403c-adb7-0669ed01a815,2020-07-24T14:06:46.995000Z,-77.294101,-100.481213,3.14,TJTJ,,2020-07-24T14:06:48.583684Z
c1bb9f4d-ed80-45ea-835d-d7840f62dd9d_TJTJ,c1bb9f4d-ed80-45ea-835d-d7840f62dd9d,2020-07-24T14:55:48.180000Z,-77.294102,-100.480196,3.15,TJTJ,,2020-07-24T14:55:49.765970Z
c1bb9f4d-ed80-45ea-835d-d7840f62dd9d_OTIS,c1bb9f4d-ed80-45ea-835d-d7840f62dd9d,2020-07-24T14:55:48.180000Z,-77.294102,-100.480196,3.15,OTIS,2020-07-24T14:55:49.659421Z,
294910ba-ae5b-4e19-8ec4-46e44db6ab17_TJTJ,294910ba-ae5b-4e19-8ec4-46e44db6ab17,2020-07-24T15:25:18.875000Z,-77.294101,-100.481213,3.14,TJTJ,,2020-07-24T15:25:20.466118Z
7275735d-dff7-456b-895a-56eab1cb21a7_TJTJ,7275735d-dff7-456b-895a-56eab1cb21a7,2020-07-24T17:23:36.540000Z,-77.294101,-100.481213,3.14,TJTJ,,2020-07-24T17:23:38.134665Z
7275735d-dff7-456b-895a-56eab1cb21a7_OTIS,7275735d-dff7-456b-895a-56eab1cb21a7,2020-07-24T17:23:36.540000Z,-77.294101,-100.481213,3.14,OTIS,2020-07-24T17:23:38.028979Z,
4bbe313b-260d-44e1-9664-be05e626a9f3_TJTJ,4bbe313b-260d-44e1-9664-be05e626a9f3,2020-07-24T18:27:39.480000Z,-77.293877,-100.48121,3.14,TJTJ,,2020-07-24T18:27:41.069346Z
4bbe313b-260d-44e1-9664-be05e626a9f3_OTIS,4bbe313b-260d-44e1-9664-be05e626a9f3,2020-07-24T18:27:39.480000Z,-77.293877,-100.48121,3.14,OTIS,2020-07-24T18:27:40.963313Z,
6cd63535-3cc9-4dba-b494-3deec72bb944_TJTJ,6cd63535-3cc9-4dba-b494-3deec72bb944,2020-07-24T19:08:59.655000Z,-77.294101,-100.481213,3.13,TJTJ,,2020-07-24T19:09:01.235788Z
dea286e2-3408-4a71-ba50-5eaf69e2c9b1_TJTJ,dea286e2-3408-4a71-ba50-5eaf69e2c9b1,2020-07-24T20:02:50.480000Z,-77.294102,-100.480196,3.15,TJTJ,,2020-07-24T20:02:52.074095Z
dea286e2-3408-4a71-ba50-5eaf69e2c9b1_OTIS,dea286e2-3408-4a71-ba50-5eaf69e2c9b1,2020-07-24T20:02:50.480000Z,-77.294102,-100.480196,3.15,OTIS,2020-07-24T20:02:51.970089Z,
f542c9a0-7bc8-4003-93fa-9bf8ba23c750_TJTJ,f542c9a0-7bc8-4003-93fa-9bf8ba23c750,2020-07-24T21:25:08.625000Z,-77.293877,-100.48121,3.14,TJTJ,,2020-07-24T21:25:10.214915Z
f542c9a0-7bc8-4003-93fa-9bf8ba23c750_OTIS,f542c9a0-7bc8-4003-93fa-9bf8ba23c750,2020-07-24T21:25:08.625000Z,-77.293877,-100.48121,3.14,OTIS,2020-07-24T21:25:10.108895Z,
9968aba4-d6ef-45b2-889f-245becb5876a_TJTJ,9968aba4-d6ef-45b2-889f-245becb5876a,2020-07-24T23:29:21.960000Z,-77.294101,-100.481213,3.14,TJTJ,,2020-07-24T23:29:23.540485Z
9968aba4-d6ef-45b2-889f-245becb5876a_OTIS,9968aba4-d6ef-45b2-889f-245becb5876a,2020-07-24T23:29:21.960000Z,-77.294101,-100.481213,3.14,OTIS,2020-07-24T23:29:23.435352Z,
34e406cd-12fb-4804-9a5f-0914a43fb325_TJTJ,34e406cd-12fb-4804-9a5f-0914a43fb325,2020-07-25T00:21:39.250000Z,-77.2941,-100.482231,3.13,TJTJ,,2020-07-25T00:21:40.837229Z
983e3e77-c5e7-4977-83bc-6ff975aa817e_TJTJ,983e3e77-c5e7-4977-83bc-6ff975aa817e,2020-07-25T01:45:14.435000Z,-77.294101,-100.481213,3.14,TJTJ,,2020-07-25T01:45:16.025164Z
0b0d9cbd-1dd7-46e8-8bdb-a2c69da302ca_TJTJ,0b0d9cbd-1dd7-46e8-8bdb-a2c69da302ca,2020-07-25T02:51:03.085000Z,-77.294101,-100.481213,3.14,TJTJ,,2020-07-25T02:51:04.672753Z
46edd12a-7154-4527-a84a-280fbfbd1c65_DEEJ,46edd12a-7154-4527-a84a-280fbfbd1c65,2020-07-25T02:58:02.330000Z,-77.282468,-100.462745,1.95,DEEJ,,2020-07-25T02:58:04.627491Z
46edd12a-7154-4527-a84a-280fbfbd1c65_ELZA,46edd12a-7154-4527-a84a-280fbfbd1c65,2020-07-25T02:58:02.330000Z,-77.282468,-100.462745,1.95,ELZA,,2020-07-25T02:58:04.252789Z
46edd12a-7154-4527-a84a-280fbfbd1c65_LILA,46edd12a-7154-4527-a84a-280fbfbd1c65,2020-07-25T02:58:02.330000Z,-77.282468,-100.462745,1.95,LILA,,2020-07-25T02:58:05.407538Z
46edd12a-7154-4527-a84a-280fbfbd1c65_OTIS,46edd12a-7154-4527-a84a-280fbfbd1c65,2020-07-25T02:58:02.330000Z,-77.282468,-100.462745,1.95,OTIS,,2020-07-25T02:58:04.779958Z
46edd12a-7154-4527-a84a-280fbfbd1c65_SQIG,46edd12a-7154-4527-a84a-280fbfbd1c65,2020-07-25T02:58:02.330000Z,-77.282468,-100.462745,1.95,SQIG,,2020-07-25T02:58:05.797676Z
39f5dac5-e396-4513-b614-2a9b8ed8d3f0_TJTJ,39f5dac5-e396-4513-b614-2a9b8ed8d3f0,2020-07-25T03:42:43.200000Z,-77.293877,-100.48121,3.15,TJTJ,,2020-07-25T03:42:44.794016Z
f06fb84e-ef1c-46b7-bcc9-3f7e42c5120b_TJTJ,f06fb84e-ef1c-46b7-bcc9-3f7e42c5120b,2020-07-25T04:40:24.230000Z,-77.293877,-100.48121,3.14,TJTJ,,2020-07-25T04:40:25.810160Z
6a68f8a0-a183-4501-9fa1-1ffb837052d3_TJTJ,6a68f8a0-a183-4501-9fa1-1ffb837052d3,2020-07-25T05:31:07.255000Z,-77.294101,-100.481213,3.14,TJTJ,,2020-07-25T05:31:08.834477Z
4b98b723-d26e-4b1b-9be7-1c8b10073b14_TJTJ,4b98b723-d26e-4b1b-9be7-1c8b10073b14,2020-07-25T05:59:12.810000Z,-77.294101,-100.481213,3.13,TJTJ,,2020-07-25T05:59:14.375778Z
a44e5067-2163-48ee-8713-cd09712c4db1_TJTJ,a44e5067-2163-48ee-8713-cd09712c4db1,2020-07-25T07:10:29.535000Z,-77.293877,-100.48121,3.14,TJTJ,,2020-07-25T07:10:31.106285Z
2b3c65c3-1321-4f0a-9a60-e2afeb62bdda_TJTJ,2b3c65c3-1321-4f0a-9a60-e2afeb62bdda,2020-07-25T08:46:24.065000Z,-77.294101,-100.481213,3.15,TJTJ,,2020-07-25T08:46:25.650904Z
6985f007-567c-4b78-996c-4412ac34a69d_TJTJ,6985f007-567c-4b78-996c-4412ac34a69d,2020-07-25T09:40:35.040000Z,-77.294101,-100.481213,3.15,TJTJ,,2020-07-25T09:40:36.623001Z
913feee2-db39-43b7-baa4-ddd29769abc0_DEEJ,913feee2-db39-43b7-baa4-ddd29769abc0,2020-07-25T10:36:53.240000Z,-77.293877,-100.48121,3.14,DEEJ,2020-07-25T10:36:54.756912Z,
913feee2-db39-43b7-baa4-ddd29769abc0_TJTJ,913feee2-db39-43b7-baa4-ddd29769abc0,2020-07-25T10:36:53.240000Z,-77.293877,-100.48121,3.14,TJTJ,,2020-07-25T10:36:54.832254Z
eec86b40-ffcd-4038-9b0a-f9f927a7f8a5_TJTJ,eec86b40-ffcd-4038-9b0a-f9f927a7f8a5,2020-07-25T11:39:19.135000Z,-77.293877,-100.48121,3.15,TJTJ,,2020-07-25T11:39:20.722543Z
f1876dd2-28ec-40ce-a601-fc2cefa1d5a8_TJTJ,f1876dd2-28ec-40ce-a601-fc2cefa1d5a8,2020-07-25T12:43:17.900000Z,-77.294101,-100.481213,3.15,TJTJ,,2020-07-25T12:43:19.486276Z
326b514e-ee79-4caf-bef4-78ce3ed53182_TJTJ,326b514e-ee79-4caf-bef4-78ce3ed53182,2020-07-25T13:58:53.170000Z,-77.293876,-100.482228,3.13,TJTJ,,2020-07-25T13:58:54.749423Z
eb72f709-d4a3-4a74-9170-0acfae0d5102_TJTJ,eb72f709-d4a3-4a74-9170-0acfae0d5102,2020-07-25T14:48:26.540000Z,-77.294101,-100.481213,3.15,TJTJ,,2020-07-25T14:48:28.124608Z
204b9dd7-b10e-4d2e-8f89-f73846f459b5_TJTJ,204b9dd7-b10e-4d2e-8f89-f73846f459b5,2020-07-25T16:14:23.935000Z,-77.293877,-100.48121,3.14,TJTJ,,2020-07-25T16:14:25.517539Z
082014c0-3170-4138-8cdf-981c2078d7ed_TJTJ,082014c0-3170-4138-8cdf-981c2078d7ed,2020-07-25T16:58:45.920000Z,-77.2941,-100.482231,3.13,TJTJ,,2020-07-25T16:58:47.507633Z
53cbaf15-5221-4b5a-b27a-51e70cb5ba88_TJTJ,53cbaf15-5221-4b5a-b27a-51e70cb5ba88,2020-07-25T18:19:28.410000Z,-77.294101,-100.481213,3.13,TJTJ,,2020-07-25T18:19:30.001546Z
93b9db77-1c31-4d64-9c68-a94ea35a44e8_TJTJ,93b9db77-1c31-4d64-9c68-a94ea35a44e8,2020-07-25T19:56:51.085000Z,-77.293877,-100.48121,3.14,TJTJ,,2020-07-25T19:56:52.678118Z
3de2dc7a-f540-4968-bc9f-d42376d79d70_TJTJ,3de2dc7a-f540-4968-bc9f-d42376d79d70,2020-07-26T12:19:31.360000Z,-77.294101,-100.481213,3.13,TJTJ,,2020-07-26T12:19:32.942051Z
ec349ab4-0581-4170-9aa0-940af9d291c8_TJTJ,ec349ab4-0581-4170-9aa0-940af9d291c8,2020-07-26T13:17:34.440000Z,-77.2941,-100.482231,3.14,TJTJ,,2020-07-26T13:17:36.029063Z
17317f51-14f6-403b-a9d0-8bea3e172d9b_TJTJ,17317f51-14f6-403b-a9d0-8bea3e172d9b,2020-07-26T14:21:42.915000Z,-77.294101,-100.481213,3.15,TJTJ,,2020-07-26T14:21:44.498088Z
bb58689f-b930-4121-8c42-a16c9d88ce21_TJTJ,bb58689f-b930-4121-8c42-a16c9d88ce21,2020-07-26T16:04:09.150000Z,-77.293876,-100.483246,3.13,TJTJ,,2020-07-26T16:04:10.746681Z
bd40cdca-7ad6-4ce1-8a42-fa41cd1fb3b1_TJTJ,bd40cdca-7ad6-4ce1-8a42-fa41cd1fb3b1,2020-07-26T16:55:27.565000Z,-77.293876,-100.482228,3.12,TJTJ,,2020-07-26T16:55:29.155949Z
bd40cdca-7ad6-4ce1-8a42-fa41cd1fb3b1_OTIS,bd40cdca-7ad6-4ce1-8a42-fa41cd1fb3b1,2020-07-26T16:55:27.565000Z,-77.293876,-100.482228,3.12,OTIS,,2020-07-26T16:55:30.435115Z
de297411-3517-40fe-9ad5-928065dfc7ea_TJTJ,de297411-3517-40fe-9ad5-928065dfc7ea,2020-07-27T07:22:37.155000Z,-77.294101,-100.481213,3.15,TJTJ,,2020-07-27T07:22:38.752795Z
d65884a0-bbdd-4828-b3e4-344b95194752_TJTJ,d65884a0-bbdd-4828-b3e4-344b95194752,2020-07-27T08:14:02.885000Z,-77.294101,-100.481213,3.14,TJTJ,,2020-07-27T08:14:04.465952Z
dae5ea6c-9f29-44c5-89f4-c35871edf4ea_TJTJ,dae5ea6c-9f29-44c5-89f4-c35871edf4ea,2020-07-27T12:00:54.375000Z,-77.293877,-100.48121,3.15,TJTJ,,2020-07-27T12:00:55.962146Z
83cbc430-5ee8-4ee4-8d70-2d7dc2127609_TJTJ,83cbc430-5ee8-4ee4-8d70-2d7dc2127609,2020-07-27T17:10:09.060000Z,-77.293877,-100.48121,3.17,TJTJ,,2020-07-27T17:10:10.656599Z
84772fa6-41ba-4f1e-8ca9-d50717d81803_TJTJ,84772fa6-41ba-4f1e-8ca9-d50717d81803,2020-07-28T15:22:29.835000Z,-77.293878,-100.480193,3.25,TJTJ,,2020-07-28T15:22:31.477323Z
6c2f18d5-67f1-4d30-902a-71f06d9ca475_TJTJ,6c2f18d5-67f1-4d30-902a-71f06d9ca475,2020-07-28T18:06:14.295000Z,-77.2941,-100.482231,3.13,TJTJ,,2020-07-28T18:06:15.874767Z
796c425f-549f-4a56-8470-822958209d58_TJTJ,796c425f-549f-4a56-8470-822958209d58,2020-07-28T19:33:02.390000Z,-77.2941,-100.482231,3.13,TJTJ,,2020-07-28T19:33:03.981143Z
eb23675c-17f7-4e53-8c0e-f365d6784080_DEEJ,eb23675c-17f7-4e53-8c0e-f365d6784080,2020-07-28T21:04:25.365000Z,-77.293877,-100.48121,3.16,DEEJ,2020-07-28T21:04:26.905947Z,
eb23675c-17f7-4e53-8c0e-f365d6784080_TJTJ,eb23675c-17f7-4e53-8c0e-f365d6784080,2020-07-28T21:04:25.365000Z,-77.293877,-100.48121,3.16,TJTJ,,2020-07-28T21:04:26.960395Z
e4223c32-6a63-4b63-b8ad-fefa9340d405_TJTJ,e4223c32-6a63-4b63-b8ad-fefa9340d405,2020-07-28T22:07:36.555000Z,-77.293877,-100.48121,3.13,TJTJ,,2020-07-28T22:07:38.138665Z
fcf12d90-85d6-42d8-9a64-5dbefe125323_TJTJ,fcf12d90-85d6-42d8-9a64-5dbefe125323,2020-07-28T23:09:46.485000Z,-77.293877,-100.48121,3.14,TJTJ,,2020-07-28T23:09:48.071069Z
c76dcf21-3372-4858-8c6d-a325a9aeabf0_TJTJ,c76dcf21-3372-4858-8c6d-a325a9aeabf0,2020-07-29T00:02:12.940000Z,-77.294101,-100.481213,3.14,TJTJ,,2020-07-29T00:02:14.524038Z
19fc4bf7-0245-4f2f-a582-3bc44990d415_TJTJ,19fc4bf7-0245-4f2f-a582-3bc44990d415,2020-07-29T00:44:34.215000Z,-77.294101,-100.481213,3.14,TJTJ,,2020-07-29T00:44:35.805791Z
0f151787-7c51-47b2-bf11-4de7ff9dedd2_TJTJ,0f151787-7c51-47b2-bf11-4de7ff9dedd2,2020-07-29T01:21:16.700000Z,-77.294101,-100.481213,3.14,TJTJ,,2020-07-29T01:21:18.285709Z
bcbbacb7-f989-4333-8bf9-97a1ce3710c3_TJTJ,bcbbacb7-f989-4333-8bf9-97a1ce3710c3,2020-07-29T02:18:47.105000Z,-77.294325,-100.481217,3.14,TJTJ,,2020-07-29T02:18:48.685834Z
5c3c271a-fb4d-44ff-9314-18d5458b27a0_TJTJ,5c3c271a-fb4d-44ff-9314-18d5458b27a0,2020-07-29T03:15:06.850000Z,-77.293877,-100.48121,3.15,TJTJ,,2020-07-29T03:15:08.435625Z
3f827d9f-5324-4648-8e7b-e851e9f5be0b_TJTJ,3f827d9f-5324-4648-8e7b-e851e9f5be0b,2020-07-29T04:26:38.730000Z,-77.294101,-100.481213,3.14,TJTJ,,2020-07-29T04:26:40.310725Z
d3de6b01-675c-4d45-bbd6-438fddc1fd1f_TJTJ,d3de6b01-675c-4d45-bbd6-438fddc1fd1f,2020-07-29T05:35:50.815000Z,-77.293877,-100.48121,3.15,TJTJ,,2020-07-29T05:35:52.397253Z
03423e04-6ec9-4e50-baee-5d55f820bf73_TJTJ,03423e04-6ec9-4e50-baee-5d55f820bf73,2020-07-29T06:39:31.400000Z,-77.293878,-100.480193,3.16,TJTJ,,2020-07-29T06:39:32.981808Z
6aa0cfc8-7ff3-4456-87bd-ab1e49fb9e0a_TJTJ,6aa0cfc8-7ff3-4456-87bd-ab1e49fb9e0a,2020-07-29T07:22:56.940000Z,-77.294101,-100.481213,3.14,TJTJ,,2020-07-29T07:22:58.532075Z
f7d67190-db97-4892-8ad3-85812543c2a4_TJTJ,f7d67190-db97-4892-8ad3-85812543c2a4,2020-07-29T08:20:36.710000Z,-77.2941,-100.482231,3.14,TJTJ,,2020-07-29T08:20:38.300927Z
f40f0cbd-2bab-48b0-a4f4-56dc9ed88592_TJTJ,f40f0cbd-2bab-48b0-a4f4-56dc9ed88592,2020-07-29T09:34:19.040000Z,-77.293876,-100.482228,3.14,TJTJ,,2020-07-29T09:34:20.621376Z
a6c626a9-9b6a-47aa-9111-c42bb51c6b7a_TJTJ,a6c626a9-9b6a-47aa-9111-c42bb51c6b7a,2020-07-29T10:57:39.825000Z,-77.294101,-100.481213,3.15,TJTJ,,2020-07-29T10:57:41.413892Z
17ad2106-1dc8-4247-ad6e-95316edb12ea_DEEJ,17ad2106-1dc8-4247-ad6e-95316edb12ea,2020-07-29T12:07:46.100000Z,-77.294101,-100.481213,3.15,DEEJ,2020-07-29T12:07:47.605846Z,
17ad2106-1dc8-4247-ad6e-95316edb12ea_TJTJ,17ad2106-1dc8-4247-ad6e-95316edb12ea,2020-07-29T12:07:46.100000Z,-77.294101,-100.481213,3.15,TJTJ,,2020-07-29T12:07:47.685706Z
70cf16ec-5ad0-4006-a87f-17107a001cb4_TJTJ,70cf16ec-5ad0-4006-a87f-17107a001cb4,2020-07-29T13:13:00.060000Z,-77.2941,-100.482231,3.14,TJTJ,,2020-07-29T13:13:01.652797Z
dbb5dcf2-8e8b-4f0c-9912-ecc9437e7b62_TJTJ,dbb5dcf2-8e8b-4f0c-9912-ecc9437e7b62,2020-07-29T14:10:56.925000Z,-77.293877,-100.48121,3.14,TJTJ,,2020-07-29T14:10:58.509710Z
04ef8df6-df9c-4b93-bf0b-dfd5ce982c89_TJTJ,04ef8df6-df9c-4b93-bf0b-dfd5ce982c89,2020-07-29T15:30:25.975000Z,-77.2941,-100.482231,3.14,TJTJ,,2020-07-29T15:30:27.565238Z
41849787-dd05-43e2-b5de-dd8c2e2b97b1_TJTJ,41849787-dd05-43e2-b5de-dd8c2e2b97b1,2020-07-29T16:56:05.760000Z,-77.294101,-100.481213,3.15,TJTJ,,2020-07-29T16:56:07.356866Z
3ea0ba0c-9c73-4925-8895-56a22d1a6afa_TJTJ,3ea0ba0c-9c73-4925-8895-56a22d1a6afa,2020-07-29T18:55:17.035000Z,-77.294101,-100.481213,3.14,TJTJ,,2020-07-29T18:55:18.624030Z
2a0163d0-ef26-4e8a-89a5-d4d5c8b710fa_TJTJ,2a0163d0-ef26-4e8a-89a5-d4d5c8b710fa,2020-07-29T22:28:59.930000Z,-77.293877,-100.48121,3.14,TJTJ,,2020-07-29T22:29:01.515685Z
6ce2777b-489c-47c4-a1fe-a4681d6b2998_TJTJ,6ce2777b-489c-47c4-a1fe-a4681d6b2998,2020-07-29T23:36:15.740000Z,-77.293877,-100.48121,3.14,TJTJ,,2020-07-29T23:36:17.322321Z
b83dd6b8-20d5-48d8-bba8-92e51b072a15_TJTJ,b83dd6b8-20d5-48d8-bba8-92e51b072a15,2020-07-30T00:54:45.720000Z,-77.294101,-100.481213,3.14,TJTJ,,2020-07-30T00:54:47.307405Z
bff2a0bd-1542-41b8-8b81-5d030a2f1e15_FRST,bff2a0bd-1542-41b8-8b81-5d030a2f1e15,2020-07-08T16:43:10.595000Z,-76.557691,-103.452127,1.86,FRST,2020-07-08T16:43:12.886714Z,
bff2a0bd-1542-41b8-8b81-5d030a2f1e15_WICH,bff2a0bd-1542-41b8-8b81-5d030a2f1e15,2020-07-08T16:43:10.595000Z,-76.557691,-103.452127,1.86,WICH,,2020-07-08T16:43:13.087596Z
f9165f33-b6de-4ad6-a0be-b606a5d8d78f_WICH,f9165f33-b6de-4ad6-a0be-b606a5d8d78f,2020-07-08T17:19:46.035000Z,-76.557493,-103.453624,1.87,WICH,2020-07-08T17:19:47.314745Z,
f9a21d96-d38c-4b9d-91f5-bff597090574_FRST,f9a21d96-d38c-4b9d-91f5-bff597090574,2020-07-11T18:07:35.205000Z,-76.616539,-103.31936,1.58,FRST,,2020-07-11T18:07:36.884332Z
3fa3f47b-f2e1-4aa8-ad7b-92b5407e5d51_JULA,3fa3f47b-f2e1-4aa8-ad7b-92b5407e5d51,2020-07-13T01:07:59.540000Z,-76.557682,-103.452896,1.85,JULA,,2020-07-13T01:08:00.547302Z
4847e69a-ef7a-4a60-b9f0-75b8b68ec486_JULA,4847e69a-ef7a-4a60-b9f0-75b8b68ec486,2020-07-13T01:19:25.190000Z,-76.557682,-103.452896,1.85,JULA,,2020-07-13T01:19:26.180040Z
8f686c3c-b693-4816-95b2-457729f3d124_JULA,8f686c3c-b693-4816-95b2-457729f3d124,2020-07-13T01:32:17.030000Z,-76.557691,-103.452127,1.85,JULA,,2020-07-13T01:32:18.047656Z
86750c14-72dd-4c41-85d4-5533e49ca888_JULA,86750c14-72dd-4c41-85d4-5533e49ca888,2020-07-13T01:46:03.935000Z,-76.557682,-103.452896,1.85,JULA,,2020-07-13T01:46:04.931771Z
bf9fb451-a9b3-45cb-9d35-e382d77e9ea4_JULA,bf9fb451-a9b3-45cb-9d35-e382d77e9ea4,2020-07-13T01:58:51.175000Z,-76.557682,-103.452896,1.85,JULA,,2020-07-13T01:58:52.166600Z
86827a7f-d597-469a-aefb-c8bf03be4544_JULA,86827a7f-d597-469a-aefb-c8bf03be4544,2020-07-13T02:11:54.550000Z,-76.557503,-103.452855,1.86,JULA,,2020-07-13T02:11:55.575074Z
107698fd-9627-4d50-bf46-2e46dee3fc1b_JULA,107698fd-9627-4d50-bf46-2e46dee3fc1b,2020-07-13T02:25:42.500000Z,-76.557691,-103.452127,1.84,JULA,,2020-07-13T02:25:43.499417Z
107698fd-9627-4d50-bf46-2e46dee3fc1b_DRSC,107698fd-9627-4d50-bf46-2e46dee3fc1b,2020-07-13T02:25:42.500000Z,-76.557691,-103.452127,1.84,DRSC,2020-07-13T02:25:43.947117Z,
21a9ee96-5a15-4d75-868d-1404ef2c786d_JULA,21a9ee96-5a15-4d75-868d-1404ef2c786d,2020-07-13T02:38:43.130000Z,-76.557682,-103.452896,1.85,JULA,,2020-07-13T02:38:44.165638Z
7229f1f4-1692-40b4-a6fa-9d60f5cd6d36_JULA,7229f1f4-1692-40b4-a6fa-9d60f5cd6d36,2020-07-13T02:50:47.905000Z,-76.557682,-103.452896,1.85,JULA,,2020-07-13T02:50:48.896125Z
07cf07cf-d5ca-466e-8331-ec0110b7c11e_JULA,07cf07cf-d5ca-466e-8331-ec0110b7c11e,2020-07-13T03:03:03.305000Z,-76.557493,-103.453624,1.86,JULA,,2020-07-13T03:03:04.296683Z
0d0f8653-5d12-4428-9888-7762d9bc85f5_JULA,0d0f8653-5d12-4428-9888-7762d9bc85f5,2020-07-13T03:16:36.850000Z,-76.557513,-103.452086,1.84,JULA,,2020-07-13T03:16:37.857124Z
97048962-95b0-4471-9916-4551cb5169bb_JULA,97048962-95b0-4471-9916-4551cb5169bb,2020-07-13T03:28:39.140000Z,-76.557682,-103.452896,1.85,JULA,,2020-07-13T03:28:40.137696Z
f8e55e90-4a53-47de-8919-aa956ef27490_JULA,f8e55e90-4a53-47de-8919-aa956ef27490,2020-07-13T03:41:43.190000Z,-76.557691,-103.452127,1.85,JULA,,2020-07-13T03:41:44.196901Z
7b908317-4de8-472f-a7de-c2865d55d545_JULA,7b908317-4de8-472f-a7de-c2865d55d545,2020-07-13T03:55:03.810000Z,-76.557851,-103.453707,1.85,JULA,,2020-07-13T03:55:04.807096Z
0979e532-c0fd-41d9-bac7-0988eefd13d3_JULA,0979e532-c0fd-41d9-bac7-0988eefd13d3,2020-07-13T04:05:37.220000Z,-76.557682,-103.452896,1.85,JULA,,2020-07-13T04:05:38.208292Z
9aa4a260-eb8d-43d5-bd58-3be671c2145f_JULA,9aa4a260-eb8d-43d5-bd58-3be671c2145f,2020-07-13T04:18:49.150000Z,-76.557503,-103.452855,1.85,JULA,,2020-07-13T04:18:50.144919Z
320fc596-6ae7-44cf-8fb8-23a18042ca8c_JULA,320fc596-6ae7-44cf-8fb8-23a18042ca8c,2020-07-13T04:30:48.625000Z,-76.557682,-103.452896,1.85,JULA,,2020-07-13T04:30:49.663573Z
1b12a6c3-0a4c-445a-b239-7e4c79c70965_JULA,1b12a6c3-0a4c-445a-b239-7e4c79c70965,2020-07-13T04:43:59.335000Z,-76.557682,-103.452896,1.85,JULA,,2020-07-13T04:44:00.324408Z
7e09eb5d-b0bc-49f6-9ec9-a48abf53b0f2_JULA,7e09eb5d-b0bc-49f6-9ec9-a48abf53b0f2,2020-07-13T04:55:48.115000Z,-76.557861,-103.452938,1.85,JULA,,2020-07-13T04:55:49.123546Z
82f8cb6f-1ab0-49c6-af8d-c638790cdcd7_JULA,82f8cb6f-1ab0-49c6-af8d-c638790cdcd7,2020-07-13T05:06:17.495000Z,-76.557672,-103.453665,1.85,JULA,,2020-07-13T05:06:18.490437Z
feff80ea-5579-4218-b8df-9904e33ad0d9_JULA,feff80ea-5579-4218-b8df-9904e33ad0d9,2020-07-13T05:18:09.060000Z,-76.557691,-103.452127,1.85,JULA,,2020-07-13T05:18:10.089691Z
c17dceaa-2c0a-4908-98a2-b5c05a3cf19d_JULA,c17dceaa-2c0a-4908-98a2-b5c05a3cf19d,2020-07-13T05:30:52.490000Z,-76.557503,-103.452855,1.86,JULA,,2020-07-13T05:30:53.482463Z
e2f7b362-e2db-4aac-8699-7beb2f64a793_JULA,e2f7b362-e2db-4aac-8699-7beb2f64a793,2020-07-13T05:45:19.660000Z,-76.557682,-103.452896,1.85,JULA,,2020-07-13T05:45:20.648757Z
0ce366bb-d542-4504-966a-a84edf3a952a_JULA,0ce366bb-d542-4504-966a-a84edf3a952a,2020-07-13T05:57:28.055000Z,-76.557682,-103.452896,1.85,JULA,,2020-07-13T05:57:29.048930Z
8b765ece-3217-435b-9522-ae2b46290a04_JULA,8b765ece-3217-435b-9522-ae2b46290a04,2020-07-13T06:19:05.170000Z,-76.557513,-103.452086,1.84,JULA,,2020-07-13T06:19:06.140879Z
cf74898e-c3d3-4c77-8f60-febee24f9816_JULA,cf74898e-c3d3-4c77-8f60-febee24f9816,2020-07-13T06:30:40.970000Z,-76.557672,-103.453665,1.85,JULA,,2020-07-13T06:30:41.983392Z
917fafd1-18b5-4ce0-a0a4-bbf4fdec0458_JULA,917fafd1-18b5-4ce0-a0a4-bbf4fdec0458,2020-07-13T06:41:07.430000Z,-76.557691,-103.452127,1.86,JULA,,2020-07-13T06:41:08.460066Z
22ea95da-5781-4a08-a966-c4dfd0d7409c_JULA,22ea95da-5781-4a08-a966-c4dfd0d7409c,2020-07-13T06:51:59.515000Z,-76.557682,-103.452896,1.85,JULA,,2020-07-13T06:52:00.508766Z
1f659f75-429b-47cd-aa9a-740fb3637a15_JULA,1f659f75-429b-47cd-aa9a-740fb3637a15,2020-07-13T07:04:04.760000Z,-76.557701,-103.451358,1.84,JULA,,2020-07-13T07:04:05.711567Z
a72f7bb0-c847-4520-98c8-3f927dd65b4a_JULA,a72f7bb0-c847-4520-98c8-3f927dd65b4a,2020-07-13T07:15:06.760000Z,-76.557682,-103.452896,1.85,JULA,,2020-07-13T07:15:07.755146Z
42ec99e1-09bf-4bd2-a298-af989b448ebd_JULA,42ec99e1-09bf-4bd2-a298-af989b448ebd,2020-07-13T08:00:38.185000Z,-76.557691,-103.452127,1.84,JULA,,2020-07-13T08:00:39.202997Z
6fe9e534-6bf8-43fc-a031-77116bb2123a_JULA,6fe9e534-6bf8-43fc-a031-77116bb2123a,2020-07-13T08:10:37.840000Z,-76.557513,-103.452086,1.84,JULA,,2020-07-13T08:10:38.841613Z
c9e97638-5a5d-4591-b6da-04dbb1d26fd4_JULA,c9e97638-5a5d-4591-b6da-04dbb1d26fd4,2020-07-13T08:46:05.605000Z,-76.557672,-103.453665,1.85,JULA,,2020-07-13T08:46:06.597647Z
f9872222-73df-4db0-8b0d-92c78964af27_JULA,f9872222-73df-4db0-8b0d-92c78964af27,2020-07-13T10:57:05.750000Z,-76.557682,-103.452896,1.85,JULA,,2020-07-13T10:57:06.761874Z
0296ff09-71c5-4800-ab84-ffffed68216b_JULA,0296ff09-71c5-4800-ab84-ffffed68216b,2020-07-13T11:51:24.180000Z,-76.557861,-103.452938,1.84,JULA,,2020-07-13T11:51:25.173803Z
76b224e6-a9e1-4c89-835d-239957228504_JULA,76b224e6-a9e1-4c89-835d-239957228504,2020-07-13T12:10:34.215000Z,-76.557691,-103.452127,1.84,JULA,,2020-07-13T12:10:35.234186Z
8765f203-6543-471a-8718-998f056c4109_JULA,8765f203-6543-471a-8718-998f056c4109,2020-07-13T12:22:03.505000Z,-76.557861,-103.452938,1.85,JULA,,2020-07-13T12:22:04.527631Z
caa4c8da-7ffc-40ab-a9d0-9f6fa2c883b5_JULA,caa4c8da-7ffc-40ab-a9d0-9f6fa2c883b5,2020-07-13T12:33:33.640000Z,-76.557503,-103.452855,1.85,JULA,,2020-07-13T12:33:34.633646Z
9ee72272-1e2b-4133-b2af-d299f5e2ca63_JULA,9ee72272-1e2b-4133-b2af-d299f5e2ca63,2020-07-13T12:46:35.925000Z,-76.557682,-103.452896,1.85,JULA,,2020-07-13T12:46:36.933041Z
1cede333-76d8-4d9a-b2b0-779381c85e67_JULA,1cede333-76d8-4d9a-b2b0-779381c85e67,2020-07-13T12:58:52.040000Z,-76.557861,-103.452938,1.85,JULA,,2020-07-13T12:58:53.037299Z
73e46c19-9c4e-4e34-ba40-8c1ba811debd_JULA,73e46c19-9c4e-4e34-ba40-8c1ba811debd,2020-07-13T13:45:25.130000Z,-76.557682,-103.452896,1.85,JULA,,2020-07-13T13:45:26.122532Z
bfaf3485-cd4a-45f4-bf2c-d373e9f1e54a_JULA,bfaf3485-cd4a-45f4-bf2c-d373e9f1e54a,2020-07-13T13:58:28.800000Z,-76.557682,-103.452896,1.85,JULA,,2020-07-13T13:58:29.799344Z
948b1c64-2e0a-4978-9fe6-a1b3e13c05c4_JULA,948b1c64-2e0a-4978-9fe6-a1b3e13c05c4,2020-07-13T14:10:24.910000Z,-76.557701,-103.451358,1.83,JULA,,2020-07-13T14:10:25.916325Z
446e8874-9015-4182-9572-aa0d6a9f5e38_JULA,446e8874-9015-4182-9572-aa0d6a9f5e38,2020-07-13T14:21:33.845000Z,-76.557691,-103.452127,1.85,JULA,,2020-07-13T14:21:34.824079Z
29a0bc43-9ed4-43af-829e-45635fab8bbb_JULA,29a0bc43-9ed4-43af-829e-45635fab8bbb,2020-07-13T14:34:23.085000Z,-76.55788,-103.451399,1.83,JULA,,2020-07-13T14:34:24.091221Z
cb0ef1e5-bc98-41d1-9737-7ccf6c9ba28d_JULA,cb0ef1e5-bc98-41d1-9737-7ccf6c9ba28d,2020-07-13T15:36:14.815000Z,-76.557682,-103.452896,1.85,JULA,,2020-07-13T15:36:15.819128Z
863713ef-ae18-48c1-b586-bfec7b50a31b_JULA,863713ef-ae18-48c1-b586-bfec7b50a31b,2020-07-13T15:49:54.170000Z,-76.557691,-103.452127,1.84,JULA,,2020-07-13T15:49:55.186488Z
58587aac-ef3f-4e5b-a404-b545f057284c_JULA,58587aac-ef3f-4e5b-a404-b545f057284c,2020-07-13T16:37:32.345000Z,-76.557691,-103.452127,1.85,JULA,,2020-07-13T16:37:33.374704Z
e41941eb-b78d-41cd-acc7-0b8e92ff1096_JULA,e41941eb-b78d-41cd-acc7-0b8e92ff1096,2020-07-13T16:49:23.940000Z,-76.55787,-103.452168,1.84,JULA,,2020-07-13T16:49:24.930860Z
da9e2de2-21d0-40bc-8327-bb48d6c89cae_JULA,da9e2de2-21d0-40bc-8327-bb48d6c89cae,2020-07-13T17:02:41.170000Z,-76.557513,-103.452086,1.84,JULA,,2020-07-13T17:02:42.162268Z
ed7b6a94-e383-43a0-b492-a94501937c63_JULA,ed7b6a94-e383-43a0-b492-a94501937c63,2020-07-13T17:18:49.245000Z,-76.557691,-103.452127,1.84,JULA,,2020-07-13T17:18:50.259531Z
bbfa88b2-757f-4f51-85d8-6670c582150d_JULA,bbfa88b2-757f-4f51-85d8-6670c582150d,2020-07-13T17:45:06.495000Z,-76.557682,-103.452896,1.85,JULA,,2020-07-13T17:45:07.476419Z
e4019e9f-7c7a-417c-aafc-85a6d145bcbe_JULA,e4019e9f-7c7a-417c-aafc-85a6d145bcbe,2020-07-13T21:16:53.375000Z,-76.557851,-103.453707,1.85,JULA,,2020-07-13T21:16:54.368222Z
5d5222d4-d441-4357-926c-753323f1572c_JULA,5d5222d4-d441-4357-926c-753323f1572c,2020-07-13T21:31:24.905000Z,-76.558049,-103.45221,1.83,JULA,,2020-07-13T21:31:25.894327Z
d050e7aa-895c-4343-a52d-78d11599b75b_JULA,d050e7aa-895c-4343-a52d-78d11599b75b,2020-07-13T23:51:22.630000Z,-76.557701,-103.451358,1.83,JULA,,2020-07-13T23:51:23.666363Z
5ea14e4f-9570-492a-9d7f-2724cf0935d7_JULA,5ea14e4f-9570-492a-9d7f-2724cf0935d7,2020-07-14T16:29:17.150000Z,-76.55787,-103.452168,1.83,JULA,,2020-07-14T16:29:18.145372Z
e995e5fa-a04b-4ffe-9693-c010653c2bf4_JULA,e995e5fa-a04b-4ffe-9693-c010653c2bf4,2020-07-14T16:52:59.475000Z,-76.557691,-103.452127,1.85,JULA,,2020-07-14T16:53:00.477097Z
fb17f40f-f2c9-4e92-9583-b40f58f35572_JULA,fb17f40f-f2c9-4e92-9583-b40f58f35572,2020-07-14T17:01:21.180000Z,-76.557513,-103.452086,1.85,JULA,,2020-07-14T17:01:22.158891Z
b212268f-555f-440e-8b9b-29fa3a9de957_JULA,b212268f-555f-440e-8b9b-29fa3a9de957,2020-07-14T17:12:52.310000Z,-76.557691,-103.452127,1.85,JULA,,2020-07-14T17:12:53.306857Z
62563971-9251-451b-95f2-655d4547f92f_JULA,62563971-9251-451b-95f2-655d4547f92f,2020-07-14T17:22:26.550000Z,-76.557682,-103.452896,1.85,JULA,,2020-07-14T17:22:27.533109Z
f65dad4e-1991-4be5-8bf7-bd556806bd4d_JULA,f65dad4e-1991-4be5-8bf7-bd556806bd4d,2020-07-14T18:47:30.760000Z,-76.557691,-103.452127,1.85,JULA,,2020-07-14T18:47:31.776278Z
dd67a714-4c4f-4ee7-b23f-a81cf2ff3cc7_JULA,dd67a714-4c4f-4ee7-b23f-a81cf2ff3cc7,2020-07-14T18:58:06.560000Z,-76.557682,-103.452896,1.85,JULA,,2020-07-14T18:58:07.556493Z
2ce2dc9d-2dd8-40c0-91f7-d6a399fd559a_JULA,2ce2dc9d-2dd8-40c0-91f7-d6a399fd559a,2020-07-14T19:25:42.670000Z,-76.557682,-103.452896,1.85,JULA,,2020-07-14T19:25:43.662174Z
b942f7f1-9d9c-463b-a76a-75f66a3ea3c4_JULA,b942f7f1-9d9c-463b-a76a-75f66a3ea3c4,2020-07-14T19:54:55.005000Z,-76.557682,-103.452896,1.85,JULA,,2020-07-14T19:54:56.012945Z
95233143-5227-429e-b99b-ba752f25e016_JULA,95233143-5227-429e-b99b-ba752f25e016,2020-07-14T20:05:36.565000Z,-76.557691,-103.452127,1.84,JULA,,2020-07-14T20:05:37.563969Z
3d9dc98a-2b7a-4b5b-8c9d-4562186487ec_JULA,3d9dc98a-2b7a-4b5b-8c9d-4562186487ec,2020-07-14T20:15:23.470000Z,-76.557682,-103.452896,1.86,JULA,,2020-07-14T20:15:24.468888Z
b7e8c266-fbd1-480a-912f-92134a948f23_JULA,b7e8c266-fbd1-480a-912f-92134a948f23,2020-07-14T20:24:30.720000Z,-76.557691,-103.452127,1.84,JULA,,2020-07-14T20:24:31.718957Z
f67926c1-57fe-4a9c-a6fd-d9f92a190b43_JULA,f67926c1-57fe-4a9c-a6fd-d9f92a190b43,2020-07-14T20:35:42.900000Z,-76.557682,-103.452896,1.85,JULA,,2020-07-14T20:35:43.893195Z
2c38d652-ae51-471d-a894-133bc70a421d_JULA,2c38d652-ae51-471d-a894-133bc70a421d,2020-07-14T20:46:00.380000Z,-76.557691,-103.452127,1.85,JULA,,2020-07-14T20:46:01.419042Z
7d740f98-57d3-4f78-97a5-ffc0b1ce0c61_JULA,7d740f98-57d3-4f78-97a5-ffc0b1ce0c61,2020-07-14T21:07:15.570000Z,-76.557691,-103.452127,1.85,JULA,,2020-07-14T21:07:16.570326Z
373c8d08-29e7-4724-b98d-7e8b3f152037_JULA,373c8d08-29e7-4724-b98d-7e8b3f152037,2020-07-14T21:18:07.360000Z,-76.557691,-103.452127,1.84,JULA,,2020-07-14T21:18:08.385475Z
2dde97e0-9a4b-4bf2-98d6-42f2e7af229b_JULA,2dde97e0-9a4b-4bf2-98d6-42f2e7af229b,2020-07-14T21:30:43.130000Z,-76.557682,-103.452896,1.85,JULA,,2020-07-14T21:30:44.186868Z
8911a97a-42d0-4630-a8e5-3bc7d81f9b1e_JULA,8911a97a-42d0-4630-a8e5-3bc7d81f9b1e,2020-07-14T21:42:29.820000Z,-76.557691,-103.452127,1.85,JULA,,2020-07-14T21:42:30.836782Z
674fcbd4-1295-473a-9052-9b8b102c6efe_JULA,674fcbd4-1295-473a-9052-9b8b102c6efe,2020-07-14T21:54:02.490000Z,-76.557701,-103.451358,1.85,JULA,,2020-07-14T21:54:03.460762Z
4d333528-8bf2-44ec-9a2a-8750f2c2279b_JULA,4d333528-8bf2-44ec-9a2a-8750f2c2279b,2020-07-14T22:07:02.590000Z,-76.55787,-103.452168,1.84,JULA,,2020-07-14T22:07:03.558216Z
fb98fca6-f915-4c3c-bb2e-81adcddc4002_JULA,fb98fca6-f915-4c3c-bb2e-81adcddc4002,2020-07-14T22:17:20.165000Z,-76.557682,-103.452896,1.85,JULA,,2020-07-14T22:17:21.159124Z
1d58d28c-e490-41eb-8234-2bc1a79dfab5_JULA,1d58d28c-e490-41eb-8234-2bc1a79dfab5,2020-07-14T22:28:23.000000Z,-76.557682,-103.452896,1.85,JULA,,2020-07-14T22:28:23.992634Z
28193005-074e-4a71-9648-c6e2bb7adece_JULA,28193005-074e-4a71-9648-c6e2bb7adece,2020-07-14T22:40:08.905000Z,-76.557682,-103.452896,1.85,JULA,,2020-07-14T22:40:09.877529Z
3f6929ad-3329-439b-b8c4-37d78ad8858c_JULA,3f6929ad-3329-439b-b8c4-37d78ad8858c,2020-07-14T22:51:13.355000Z,-76.557691,-103.452127,1.84,JULA,,2020-07-14T22:51:14.351796Z
07acd0c1-0754-45dc-a4ae-5d71ebc15f0e_JULA,07acd0c1-0754-45dc-a4ae-5d71ebc15f0e,2020-07-14T23:01:21.035000Z,-76.557691,-103.452127,1.85,JULA,,2020-07-14T23:01:22.097194Z
7a896f0b-3aee-4a8b-bb37-b4004580c06e_JULA,7a896f0b-3aee-4a8b-bb37-b4004580c06e,2020-07-14T23:13:25.480000Z,-76.557513,-103.452086,1.85,JULA,,2020-07-14T23:13:26.542550Z
7a896f0b-3aee-4a8b-bb37-b4004580c06e_DRSC,7a896f0b-3aee-4a8b-bb37-b4004580c06e,2020-07-14T23:13:25.480000Z,-76.557513,-103.452086,1.85,DRSC,2020-07-14T23:13:26.988139Z,
593c30ad-debb-4a44-b0ed-7754a01b5e3a_JULA,593c30ad-debb-4a44-b0ed-7754a01b5e3a,2020-07-14T23:22:10.420000Z,-76.557513,-103.452086,1.85,JULA,,2020-07-14T23:22:11.445364Z
6c660cd1-23a4-4eba-ac11-0e301a66fe07_JULA,6c660cd1-23a4-4eba-ac11-0e301a66fe07,2020-07-14T23:33:50.925000Z,-76.557691,-103.452127,1.86,JULA,,2020-07-14T23:33:51.961216Z
f3cc09aa-130f-463b-8226-34c44495b8eb_JULA,f3cc09aa-130f-463b-8226-34c44495b8eb,2020-07-14T23:46:18.840000Z,-76.557691,-103.452127,1.84,JULA,,2020-07-14T23:46:19.830846Z
b51956f7-36b5-450b-a300-2d23881d6ad9_JULA,b51956f7-36b5-450b-a300-2d23881d6ad9,2020-07-14T23:56:44.605000Z,-76.557682,-103.452896,1.85,JULA,,2020-07-14T23:56:45.597318Z
d873b190-e156-437e-8e75-4c0832cc87aa_JULA,d873b190-e156-437e-8e75-4c0832cc87aa,2020-07-15T00:07:12.975000Z,-76.557691,-103.452127,1.85,JULA,,2020-07-15T00:07:13.990066Z
ae29f4d5-db3a-490a-926e-e58c24360247_JULA,ae29f4d5-db3a-490a-926e-e58c24360247,2020-07-15T00:17:46.525000Z,-76.557682,-103.452896,1.85,JULA,,2020-07-15T00:17:47.515302Z
4cdcd1ec-b7ed-40ab-b159-7524a39984ae_JULA,4cdcd1ec-b7ed-40ab-b159-7524a39984ae,2020-07-15T00:28:25.785000Z,-76.557503,-103.452855,1.85,JULA,,2020-07-15T00:28:26.778587Z
7763614b-d978-44df-a7f8-5a76c2b656f5_JULA,7763614b-d978-44df-a7f8-5a76c2b656f5,2020-07-15T01:02:05.765000Z,-76.557691,-103.452127,1.83,JULA,,2020-07-15T01:02:06.759993Z
7df620b5-e255-436d-9a10-1ad2cdf4cc08_JULA,7df620b5-e255-436d-9a10-1ad2cdf4cc08,2020-07-15T01:29:09.040000Z,-76.557861,-103.452938,1.84,JULA,,2020-07-15T01:29:10.039323Z
d1c0be32-2320-4605-92bd-964f4cfa9638_JULA,d1c0be32-2320-4605-92bd-964f4cfa9638,2020-07-15T01:53:21.600000Z,-76.557691,-103.452127,1.84,JULA,,2020-07-15T01:53:22.597114Z
1888a19d-2a27-4fd7-aa24-f94eff139ad9_JULA,1888a19d-2a27-4fd7-aa24-f94eff139ad9,2020-07-15T02:38:06.325000Z,-76.557701,-103.451358,1.85,JULA,,2020-07-15T02:38:07.329317Z
0fbfa751-412c-41a3-b990-2fa72758d4f7_JULA,0fbfa751-412c-41a3-b990-2fa72758d4f7,2020-07-23T08:27:30.005000Z,-76.557682,-103.452896,1.85,JULA,2020-07-23T08:27:30.494845Z,2020-07-23T08:27:30.996638Z
0fbfa751-412c-41a3-b990-2fa72758d4f7_OKGS,0fbfa751-412c-41a3-b990-2fa72758d4f7,2020-07-23T08:27:30.005000Z,-76.557682,-103.452896,1.85,OKGS,2020-07-23T08:27:33.105895Z,
1e74a7a6-b5d4-4090-bf64-5ad7f1290ef7_JULA,1e74a7a6-b5d4-4090-bf64-5ad7f1290ef7,2020-07-25T03:34:05.380000Z,-76.557861,-103.452938,1.85,JULA,,2020-07-25T03:34:06.407697Z
69d697f8-93f7-41ac-994a-3c5d76863a54_JULA,69d697f8-93f7-41ac-994a-3c5d76863a54,2020-07-25T05:50:26.835000Z,-76.557682,-103.452896,1.84,JULA,,2020-07-25T05:50:27.829611Z
bf60e6ea-73b1-48d4-8891-c53b1f7c5cc9_JULA,bf60e6ea-73b1-48d4-8891-c53b1f7c5cc9,2020-07-25T07:24:16.315000Z,-76.557513,-103.452086,1.84,JULA,,2020-07-25T07:24:17.303896Z
cc8cb452-f72f-4777-8ba5-32acffdc173f_JULA,cc8cb452-f72f-4777-8ba5-32acffdc173f,2020-07-25T08:12:37.410000Z,-76.557691,-103.452127,1.83,JULA,,2020-07-25T08:12:38.410495Z
5b008032-6c76-4b95-9b88-75980274c7b0_JULA,5b008032-6c76-4b95-9b88-75980274c7b0,2020-07-25T11:03:21.385000Z,-76.557691,-103.452127,1.84,JULA,,2020-07-25T11:03:22.434150Z
66f850f9-af0f-40bc-b3f3-c91675e9ccbd_JULA,66f850f9-af0f-40bc-b3f3-c91675e9ccbd,2020-07-25T14:22:05.505000Z,-76.557682,-103.452896,1.85,JULA,,2020-07-25T14:22:06.498631Z
40843d02-efb0-4135-92a6-1e9fa7836ea9_JULA,40843d02-efb0-4135-92a6-1e9fa7836ea9,2020-07-25T15:36:16.815000Z,-76.557672,-103.453665,1.85,JULA,,2020-07-25T15:36:17.811008Z
b16becb2-3888-4c8c-8bd6-aca40d2bcd70_JULA,b16becb2-3888-4c8c-8bd6-aca40d2bcd70,2020-07-25T16:56:28.385000Z,-76.557691,-103.452127,1.84,JULA,,2020-07-25T16:56:29.377481Z
58d8fbd1-26ca-45ae-8fc4-811503c565a9_JULA,58d8fbd1-26ca-45ae-8fc4-811503c565a9,2020-07-25T17:14:11.300000Z,-76.557513,-103.452086,1.84,JULA,,2020-07-25T17:14:12.311367Z
eafa46d7-fbde-43d3-9ff1-da3f66c11044_JULA,eafa46d7-fbde-43d3-9ff1-da3f66c11044,2020-07-25T17:29:11.280000Z,-76.557682,-103.452896,1.84,JULA,,2020-07-25T17:29:12.270387Z
14e3c913-f00e-479b-a707-e4b3000b4fb2_JULA,14e3c913-f00e-479b-a707-e4b3000b4fb2,2020-07-25T17:46:23.850000Z,-76.557682,-103.452896,1.85,JULA,,2020-07-25T17:46:24.858201Z
6db53cd2-94f8-47b2-ba0d-ae115f965594_JULA,6db53cd2-94f8-47b2-ba0d-ae115f965594,2020-07-25T18:38:07.870000Z,-76.557682,-103.452896,1.85,JULA,,2020-07-25T18:38:08.866276Z
349f4b0f-000f-4b71-a029-647717f03042_JULA,349f4b0f-000f-4b71-a029-647717f03042,2020-07-25T19:50:40.080000Z,-76.557513,-103.452086,1.85,JULA,,2020-07-25T19:50:41.060767Z
1c4e7450-be65-4eb3-8fc3-645baaae931f_JULA,1c4e7450-be65-4eb3-8fc3-645baaae931f,2020-07-27T11:54:17.035000Z,-76.557861,-103.452938,1.84,JULA,,2020-07-27T11:54:18.045256Z
50b11cd8-8d8a-4d65-82af-fd5349a1f416_JULA,50b11cd8-8d8a-4d65-82af-fd5349a1f416,2020-07-27T12:25:21.610000Z,-76.557701,-103.451358,1.84,JULA,,2020-07-27T12:25:22.598652Z
9b2bd241-a0d7-4cc3-97a0-d7bb9499ff8f_JULA,9b2bd241-a0d7-4cc3-97a0-d7bb9499ff8f,2020-07-27T12:41:40.675000Z,-76.557503,-103.452855,1.86,JULA,,2020-07-27T12:41:41.687481Z
69dfba58-42a8-44bb-aa82-f8c890d458ea_JULA,69dfba58-42a8-44bb-aa82-f8c890d458ea,2020-07-27T12:56:30.085000Z,-76.557513,-103.452086,1.84,JULA,,2020-07-27T12:56:31.097835Z
76e8ee55-fab0-4150-b9b9-8ba713878a01_JULA,76e8ee55-fab0-4150-b9b9-8ba713878a01,2020-07-28T17:11:20.680000Z,-76.557503,-103.452855,1.85,JULA,2020-07-28T17:11:21.191220Z,
bf5c5db5-1cb2-44b7-8dc5-1d72cf6c43b1_JULA,bf5c5db5-1cb2-44b7-8dc5-1d72cf6c43b1,2020-07-28T17:43:14.040000Z,-76.557682,-103.452896,1.86,JULA,2020-07-28T17:43:14.533675Z,2020-07-28T17:43:15.033057Z
eb91439f-645f-40f6-90e4-64508cc4cc15_JULA,eb91439f-645f-40f6-90e4-64508cc4cc15,2020-07-28T19:19:07.910000Z,-76.557503,-103.452855,1.86,JULA,2020-07-28T19:19:08.433009Z,2020-07-28T19:19:08.933165Z
f12ad731-16ca-45ac-821f-6a0c54fdece0_JULA,f12ad731-16ca-45ac-821f-6a0c54fdece0,2020-07-28T19:35:07.565000Z,-76.557691,-103.452127,1.84,JULA,2020-07-28T19:35:08.037428Z,2020-07-28T19:35:08.536057Z
f50c6597-8293-459f-8013-5d92389fded2_JULA,f50c6597-8293-459f-8013-5d92389fded2,2020-07-28T20:38:28.935000Z,-76.557691,-103.452127,1.84,JULA,2020-07-28T20:38:29.423706Z,2020-07-28T20:38:29.919821Z
31785b03-d902-4a6f-95b4-c314e15d7c74_JULA,31785b03-d902-4a6f-95b4-c314e15d7c74,2020-07-28T22:18:40.045000Z,-76.557682,-103.452896,1.85,JULA,2020-07-28T22:18:40.539061Z,2020-07-28T22:18:41.035935Z
d91fbffd-4b36-4cec-91e0-a3b37f628a49_JULA,d91fbffd-4b36-4cec-91e0-a3b37f628a49,2020-07-29T00:10:13.560000Z,-76.557513,-103.452086,1.84,JULA,2020-07-29T00:10:14.057389Z,2020-07-29T00:10:14.554379Z
6e033b4c-001e-4e26-ab5e-9a89c722747a_JULA,6e033b4c-001e-4e26-ab5e-9a89c722747a,2020-07-29T00:39:11.740000Z,-76.557682,-103.452896,1.85,JULA,2020-07-29T00:39:12.231334Z,2020-07-29T00:39:12.731339Z
724e418a-4794-4a8c-b8b7-207043483170_JULA,724e418a-4794-4a8c-b8b7-207043483170,2020-07-29T00:57:19.125000Z,-76.557513,-103.452086,1.84,JULA,2020-07-29T00:57:19.657355Z,2020-07-29T00:57:20.155196Z
998801b6-2bbb-4601-a256-a9004a8820cd_JULA,998801b6-2bbb-4601-a256-a9004a8820cd,2020-07-29T01:30:42.300000Z,-76.557691,-103.452127,1.85,JULA,2020-07-29T01:30:42.798321Z,2020-07-29T01:30:43.298544Z
1f2e90e5-01e0-4800-8d95-62b0d9954d34_JULA,1f2e90e5-01e0-4800-8d95-62b0d9954d34,2020-07-29T01:48:38.390000Z,-76.557691,-103.452127,1.84,JULA,2020-07-29T01:48:38.891529Z,2020-07-29T01:48:39.389386Z
a44317ea-00fc-4295-912c-0a758d4ddf47_JULA,a44317ea-00fc-4295-912c-0a758d4ddf47,2020-07-29T02:30:47.370000Z,-76.557682,-103.452896,1.85,JULA,2020-07-29T02:30:47.861973Z,2020-07-29T02:30:48.361507Z
ebc68982-9402-4bef-99e6-3232a0dea80c_EPJZ,ebc68982-9402-4bef-99e6-3232a0dea80c,2020-05-02T04:32:26.625000Z,-76.54558,-103.282856,1.38,EPJZ,2020-05-02T04:32:27.541036Z,2020-05-02T04:32:28.063994Z
ebc68982-9402-4bef-99e6-3232a0dea80c_OKGS,ebc68982-9402-4bef-99e6-3232a0dea80c,2020-05-02T04:32:26.625000Z,-76.54558,-103.282856,1.38,OKGS,2020-05-02T04:32:28.306635Z,2020-05-02T04:32:29.816206Z
ebc68982-9402-4bef-99e6-3232a0dea80c_FRST,ebc68982-9402-4bef-99e6-3232a0dea80c,2020-05-02T04:32:26.625000Z,-76.54558,-103.282856,1.38,FRST,2020-05-02T04:32:28.718305Z,2020-05-02T04:32:30.591404Z
ebc68982-9402-4bef-99e6-3232a0dea80c_DRSC,ebc68982-9402-4bef-99e6-3232a0dea80c,2020-05-02T04:32:26.625000Z,-76.54558,-103.282856,1.38,DRSC,2020-05-02T04:32:28.586526Z,2020-05-02T04:32:30.449478Z
ebc68982-9402-4bef-99e6-3232a0dea80c_WICH,ebc68982-9402-4bef-99e6-3232a0dea80c,2020-05-02T04:32:26.625000Z,-76.54558,-103.282856,1.38,WICH,,2020-05-02T04:32:28.312127Z
ebc68982-9402-4bef-99e6-3232a0dea80c_BAUM,ebc68982-9402-4bef-99e6-3232a0dea80c,2020-05-02T04:32:26.625000Z,-76.54558,-103.282856,1.38,BAUM,2020-05-02T04:32:27.800451Z,2020-05-02T04:32:28.476637Z
5013ddd9-af2f-4635-b700-f665ba591b0c_EPJZ,5013ddd9-af2f-4635-b700-f665ba591b0c,2020-04-18T20:18:56.100000Z,-76.550556,-103.271609,1.29,EPJZ,2020-04-18T20:18:57.052958Z,2020-04-18T20:18:57.454868Z
5013ddd9-af2f-4635-b700-f665ba591b0c_OKGS,5013ddd9-af2f-4635-b700-f665ba591b0c,2020-04-18T20:18:56.100000Z,-76.550556,-103.271609,1.29,OKGS,,2020-04-18T20:18:59.038505Z
5013ddd9-af2f-4635-b700-f665ba591b0c_FRST,5013ddd9-af2f-4635-b700-f665ba591b0c,2020-04-18T20:18:56.100000Z,-76.550556,-103.271609,1.29,FRST,2020-04-18T20:18:57.749810Z,2020-04-18T20:18:59.741992Z
5013ddd9-af2f-4635-b700-f665ba591b0c_DRSC,5013ddd9-af2f-4635-b700-f665ba591b0c,2020-04-18T20:18:56.100000Z,-76.550556,-103.271609,1.29,DRSC,2020-04-18T20:18:57.941030Z,2020-04-18T20:18:59.689542Z
5013ddd9-af2f-4635-b700-f665ba591b0c_WICH,5013ddd9-af2f-4635-b700-f665ba591b0c,2020-04-18T20:18:56.100000Z,-76.550556,-103.271609,1.29,WICH,,2020-04-18T20:18:57.584342Z
5013ddd9-af2f-4635-b700-f665ba591b0c_BAUM,5013ddd9-af2f-4635-b700-f665ba591b0c,2020-04-18T20:18:56.100000Z,-76.550556,-103.271609,1.29,BAUM,2020-04-18T20:18:57.105826Z,2020-04-18T20:18:57.978140Z
9f5c524d-7438-4351-aebb-7207c78c0c1f_JULA,9f5c524d-7438-4351-aebb-7207c78c0c1f,2020-04-19T23:39:35.725000Z,-76.550709,-103.258536,1.68,JULA,,2020-04-19T23:39:38.772245Z
9f5c524d-7438-4351-aebb-7207c78c0c1f_OKGS,9f5c524d-7438-4351-aebb-7207c78c0c1f,2020-04-19T23:39:35.725000Z,-76.550709,-103.258536,1.68,OKGS,,2020-04-19T23:39:38.547436Z
9f5c524d-7438-4351-aebb-7207c78c0c1f_FRST,9f5c524d-7438-4351-aebb-7207c78c0c1f,2020-04-19T23:39:35.725000Z,-76.550709,-103.258536,1.68,FRST,2020-04-19T23:39:37.875719Z,
9f5c524d-7438-4351-aebb-7207c78c0c1f_DRSC,9f5c524d-7438-4351-aebb-7207c78c0c1f,2020-04-19T23:39:35.725000Z,-76.550709,-103.258536,1.68,DRSC,2020-04-19T23:39:37.662452Z,2020-04-19T23:39:39.452202Z
9f5c524d-7438-4351-aebb-7207c78c0c1f_WICH,9f5c524d-7438-4351-aebb-7207c78c0c1f,2020-04-19T23:39:35.725000Z,-76.550709,-103.258536,1.68,WICH,,2020-04-19T23:39:37.184366Z
9f5c524d-7438-4351-aebb-7207c78c0c1f_BAUM,9f5c524d-7438-4351-aebb-7207c78c0c1f,2020-04-19T23:39:35.725000Z,-76.550709,-103.258536,1.68,BAUM,2020-04-19T23:39:36.648499Z,2020-04-19T23:39:37.530463Z
5ebec6f5-12d4-4a8d-aa15-578f711a8baa_TJTJ,5ebec6f5-12d4-4a8d-aa15-578f711a8baa,2020-08-17T12:26:23.545000Z,-77.293876,-100.482228,3.13,TJTJ,,2020-08-17T12:26:25.124552Z
5ebec6f5-12d4-4a8d-aa15-578f711a8baa_OTIS,5ebec6f5-12d4-4a8d-aa15-578f711a8baa,2020-08-17T12:26:23.545000Z,-77.293876,-100.482228,3.13,OTIS,2020-08-17T12:26:25.023482Z,
36492280-5397-441b-8027-4a8fd9868981_TJTJ,36492280-5397-441b-8027-4a8fd9868981,2020-08-17T14:03:50.930000Z,-77.294101,-100.481213,3.12,TJTJ,,2020-08-17T14:03:52.505724Z
36492280-5397-441b-8027-4a8fd9868981_OTIS,36492280-5397-441b-8027-4a8fd9868981,2020-08-17T14:03:50.930000Z,-77.294101,-100.481213,3.12,OTIS,2020-08-17T14:03:52.405946Z,
415d5072-46c2-4e63-9381-ac140f0e1e50_TJTJ,415d5072-46c2-4e63-9381-ac140f0e1e50,2020-08-17T14:51:25.105000Z,-77.294102,-100.480196,3.13,TJTJ,,2020-08-17T14:51:26.694993Z
415d5072-46c2-4e63-9381-ac140f0e1e50_OTIS,415d5072-46c2-4e63-9381-ac140f0e1e50,2020-08-17T14:51:25.105000Z,-77.294102,-100.480196,3.13,OTIS,2020-08-17T14:51:26.596402Z,
f0f4ccea-3118-48f2-ba03-e07e2bfc5d02_DEEJ,f0f4ccea-3118-48f2-ba03-e07e2bfc5d02,2020-08-24T21:05:22.990000Z,-77.28028,-100.308176,2.99,DEEJ,,2020-08-24T21:05:24.495165Z
f0f4ccea-3118-48f2-ba03-e07e2bfc5d02_ELZA,f0f4ccea-3118-48f2-ba03-e07e2bfc5d02,2020-08-24T21:05:22.990000Z,-77.28028,-100.308176,2.99,ELZA,2020-08-24T21:05:24.507569Z,
f0f4ccea-3118-48f2-ba03-e07e2bfc5d02_TJTJ,f0f4ccea-3118-48f2-ba03-e07e2bfc5d02,2020-08-24T21:05:22.990000Z,-77.28028,-100.308176,2.99,TJTJ,,2020-08-24T21:05:25.673687Z
d2af5415-16b8-4075-bcc1-f121459f0865_ELZA,d2af5415-16b8-4075-bcc1-f121459f0865,2020-09-01T20:24:38.900000Z,-77.230999,-100.654537,2.85,ELZA,,2020-09-01T20:24:41.732114Z
d2af5415-16b8-4075-bcc1-f121459f0865_TJTJ,d2af5415-16b8-4075-bcc1-f121459f0865,2020-09-01T20:24:38.900000Z,-77.230999,-100.654537,2.85,TJTJ,2020-09-01T20:24:41.283601Z,
d2af5415-16b8-4075-bcc1-f121459f0865_OTIS,d2af5415-16b8-4075-bcc1-f121459f0865,2020-09-01T20:24:38.900000Z,-77.230999,-100.654537,2.85,OTIS,2020-09-01T20:24:40.405278Z,
