trace_name_original,station_network_code,station_code,trace_channel,trace_sampling_rate_hz,trace_npts,trace_start_time,source_id,split,trace_p_arrival_sample,trace_p_status,trace_s_arrival_sample,trace_s_status,trace_name
2E.BAUM.2020-04-18T20:18:52.063274Z,2E,BAUM,HH,200.0,2001,2020-04-18T20:18:52.063274Z,5013ddd9-af2f-4635-b700-f665ba591b0c,test,1000.0,manual,1182.0,manual,"bucket0$0,:3,:2001"
2E.BAUM.2020-04-19T23:39:31.650999Z,2E,BAUM,HH,200.0,2001,2020-04-19T23:39:31.650999Z,9f5c524d-7438-4351-aebb-7207c78c0c1f,train,1000.0,manual,1175.0,manual,"bucket1$0,:3,:2001"
2E.BAUM.2020-05-02T04:32:22.574681Z,2E,BAUM,HH,200.0,2001,2020-05-02T04:32:22.574681Z,ebc68982-9402-4bef-99e6-3232a0dea80c,train,1000.0,manual,1180.0,manual,"bucket1$1,:3,:2001"
2E.DEEJ.2020-07-17T03:23:39.598190Z,2E,DEEJ,HH,200.0,2001,2020-07-17T03:23:39.598190Z,313770e9-b8c1-458f-a599-4bab3f580f80,test,1000.0,manual,,,"bucket0$1,:3,:2001"
2E.DEEJ.2020-07-25T02:57:59.654901Z,2E,DEEJ,HH,200.0,2001,2020-07-25T02:57:59.654901Z,46edd12a-7154-4527-a84a-280fbfbd1c65,train,,,1000.0,manual,"bucket1$2,:3,:2001"
2E.DEEJ.2020-07-25T10:36:49.780947Z,2E,DEEJ,HH,200.0,2001,2020-07-25T10:36:49.780947Z,913feee2-db39-43b7-baa4-ddd29769abc0,train,1000.0,manual,,,"bucket1$3,:3,:2001"
2E.DEEJ.2020-07-28T21:04:21.905947Z,2E,DEEJ,HH,200.0,2001,2020-07-28T21:04:21.905947Z,eb23675c-17f7-4e53-8c0e-f365d6784080,train,1000.0,manual,,,"bucket1$4,:3,:2001"
2E.DEEJ.2020-07-29T12:07:42.640947Z,2E,DEEJ,HH,200.0,2001,2020-07-29T12:07:42.640947Z,17ad2106-1dc8-4247-ad6e-95316edb12ea,train,1000.0,manual,,,"bucket1$5,:3,:2001"
2E.DEEJ.2020-08-14T00:14:21.269236Z,2E,DEEJ,HH,200.0,2001,2020-08-14T00:14:21.269236Z,2b2ab3b5-d7f6-4792-bc37-81a3a54c98b7,dev,,,1000.0,manual,"bucket2$0,:3,:2001"
2E.DEEJ.2020-08-24T21:05:19.523756Z,2E,DEEJ,HH,200.0,2001,2020-08-24T21:05:19.523756Z,f0f4ccea-3118-48f2-ba03-e07e2bfc5d02,train,,,1000.0,manual,"bucket1$6,:3,:2001"
2E.DRSC.2020-03-09T02:49:13.086651Z,2E,DRSC,HH,200.0,2001,2020-03-09T02:49:13.086651Z,be6c4b02-1214-424a-a2f0-27869e5b60d7,train,1000.0,manual,1119.0,manual,"bucket1$7,:3,:2001"
2E.DRSC.2020-03-09T04:06:35.731790Z,2E,DRSC,HH,200.0,2001,2020-03-09T04:06:35.731790Z,8ce5a0c7-d345-44c9-b908-05d637ce0e9d,train,,,1000.0,manual,"bucket1$8,:3,:2001"
2E.DRSC.2020-03-09T11:17:20.441385Z,2E,DRSC,HH,200.0,2001,2020-03-09T11:17:20.441385Z,b752a300-96c8-4af8-835e-64b85bc96d64,train,1000.0,manual,1107.0,manual,"bucket1$9,:3,:2001"
2E.DRSC.2020-03-09T15:06:02.813164Z,2E,DRSC,HH,200.0,2001,2020-03-09T15:06:02.813164Z,a1d883ce-6a51-4320-b453-73ca0ed11633,train,1000.0,manual,1123.0,manual,"bucket1$10,:3,:2001"
2E.DRSC.2020-04-18T20:18:52.941030Z,2E,DRSC,HH,200.0,2001,2020-04-18T20:18:52.941030Z,5013ddd9-af2f-4635-b700-f665ba591b0c,train,1000.0,manual,1349.0,manual,"bucket1$11,:3,:2001"
2E.DRSC.2020-04-19T23:39:32.636635Z,2E,DRSC,HH,200.0,2001,2020-04-19T23:39:32.636635Z,9f5c524d-7438-4351-aebb-7207c78c0c1f,dev,1000.0,manual,1363.0,manual,"bucket2$1,:3,:2001"
2E.DRSC.2020-05-02T04:32:23.586526Z,2E,DRSC,HH,200.0,2001,2020-05-02T04:32:23.586526Z,ebc68982-9402-4bef-99e6-3232a0dea80c,train,1000.0,manual,1372.0,manual,"bucket1$12,:3,:2001"
2E.DRSC.2020-07-13T02:25:38.971097Z,2E,DRSC,HH,200.0,2001,2020-07-13T02:25:38.971097Z,107698fd-9627-4d50-bf46-2e46dee3fc1b,train,1000.0,manual,,,"bucket1$13,:3,:2001"
2E.DRSC.2020-07-14T23:13:21.951097Z,2E,DRSC,HH,200.0,2001,2020-07-14T23:13:21.951097Z,7a896f0b-3aee-4a8b-bb37-b4004580c06e,test,1000.0,manual,,,"bucket0$2,:3,:2001"
2E.ELZA.2020-07-25T02:57:59.267783Z,2E,ELZA,HH,200.0,2001,2020-07-25T02:57:59.267783Z,46edd12a-7154-4527-a84a-280fbfbd1c65,train,,,1000.0,manual,"bucket1$14,:3,:2001"
2E.ELZA.2020-08-24T21:05:19.527731Z,2E,ELZA,HH,200.0,2001,2020-08-24T21:05:19.527731Z,f0f4ccea-3118-48f2-ba03-e07e2bfc5d02,train,1000.0,manual,,,"bucket1$15,:3,:2001"
2E.ELZA.2020-09-01T20:24:36.831340Z,2E,ELZA,HH,200.0,2001,2020-09-01T20:24:36.831340Z,d2af5415-16b8-4075-bcc1-f121459f0865,train,,,1000.0,manual,"bucket1$16,:3,:2001"
2E.EPJZ.2020-04-18T20:18:52.011225Z,2E,EPJZ,HH,200.0,2001,2020-04-18T20:18:52.011225Z,5013ddd9-af2f-4635-b700-f665ba591b0c,train,1000.0,manual,1173.0,manual,"bucket1$17,:3,:2001"
2E.EPJZ.2020-05-02T04:32:22.408390Z,2E,EPJZ,HH,200.0,2001,2020-05-02T04:32:22.408390Z,ebc68982-9402-4bef-99e6-3232a0dea80c,train,1000.0,manual,1148.0,manual,"bucket1$18,:3,:2001"
2E.FRST.2020-04-18T20:18:52.967931Z,2E,FRST,HH,200.0,2001,2020-04-18T20:18:52.967931Z,5013ddd9-af2f-4635-b700-f665ba591b0c,train,1000.0,manual,1354.0,manual,"bucket1$19,:3,:2001"
2E.FRST.2020-04-19T23:39:32.875719Z,2E,FRST,HH,200.0,2001,2020-04-19T23:39:32.875719Z,9f5c524d-7438-4351-aebb-7207c78c0c1f,train,1000.0,manual,,,"bucket1$20,:3,:2001"
2E.FRST.2020-05-02T04:32:23.659318Z,2E,FRST,HH,200.0,2001,2020-05-02T04:32:23.659318Z,ebc68982-9402-4bef-99e6-3232a0dea80c,train,1000.0,manual,1386.0,manual,"bucket1$21,:3,:2001"
2E.FRST.2020-07-08T16:43:07.901576Z,2E,FRST,HH,200.0,2001,2020-07-08T16:43:07.901576Z,bff2a0bd-1542-41b8-8b81-5d030a2f1e15,train,1000.0,manual,,,"bucket1$22,:3,:2001"
2E.FRST.2020-07-11T18:07:31.772966Z,2E,FRST,HH,200.0,2001,2020-07-11T18:07:31.772966Z,f9a21d96-d38c-4b9d-91f5-bff597090574,train,,,1000.0,manual,"bucket1$23,:3,:2001"
2E.JULA.2020-04-19T23:39:33.763425Z,2E,JULA,HH,200.0,2001,2020-04-19T23:39:33.763425Z,9f5c524d-7438-4351-aebb-7207c78c0c1f,test,,,1000.0,manual,"bucket0$3,:3,:2001"
2E.JULA.2020-07-13T01:07:55.550428Z,2E,JULA,HH,200.0,2001,2020-07-13T01:07:55.550428Z,3fa3f47b-f2e1-4aa8-ad7b-92b5407e5d51,train,,,1000.0,manual,"bucket1$24,:3,:2001"
2E.JULA.2020-07-13T01:19:21.200428Z,2E,JULA,HH,200.0,2001,2020-07-13T01:19:21.200428Z,4847e69a-ef7a-4a60-b9f0-75b8b68ec486,train,,,1000.0,manual,"bucket1$25,:3,:2001"
2E.JULA.2020-07-13T01:32:13.040428Z,2E,JULA,HH,200.0,2001,2020-07-13T01:32:13.040428Z,8f686c3c-b693-4816-95b2-457729f3d124,train,,,1000.0,manual,"bucket1$26,:3,:2001"
2E.JULA.2020-07-13T01:45:59.945428Z,2E,JULA,HH,200.0,2001,2020-07-13T01:45:59.945428Z,86750c14-72dd-4c41-85d4-5533e49ca888,test,,,1000.0,manual,"bucket0$4,:3,:2001"
2E.JULA.2020-07-13T01:58:47.185428Z,2E,JULA,HH,200.0,2001,2020-07-13T01:58:47.185428Z,bf9fb451-a9b3-45cb-9d35-e382d77e9ea4,dev,,,1000.0,manual,"bucket2$2,:3,:2001"
2E.JULA.2020-07-13T02:11:50.560428Z,2E,JULA,HH,200.0,2001,2020-07-13T02:11:50.560428Z,86827a7f-d597-469a-aefb-c8bf03be4544,train,,,1000.0,manual,"bucket1$27,:3,:2001"
2E.JULA.2020-07-13T02:25:38.510428Z,2E,JULA,HH,200.0,2001,2020-07-13T02:25:38.510428Z,107698fd-9627-4d50-bf46-2e46dee3fc1b,train,,,1000.0,manual,"bucket1$28,:3,:2001"
2E.JULA.2020-07-13T02:38:39.140428Z,2E,JULA,HH,200.0,2001,2020-07-13T02:38:39.140428Z,21a9ee96-5a15-4d75-868d-1404ef2c786d,train,,,1000.0,manual,"bucket1$29,:3,:2001"
2E.JULA.2020-07-13T02:50:43.915428Z,2E,JULA,HH,200.0,2001,2020-07-13T02:50:43.915428Z,7229f1f4-1692-40b4-a6fa-9d60f5cd6d36,train,,,1000.0,manual,"bucket1$30,:3,:2001"
2E.JULA.2020-07-13T03:02:59.315428Z,2E,JULA,HH,200.0,2001,2020-07-13T03:02:59.315428Z,07cf07cf-d5ca-466e-8331-ec0110b7c11e,train,,,1000.0,manual,"bucket1$31,:3,:2001"
2E.JULA.2020-07-13T03:16:32.860428Z,2E,JULA,HH,200.0,2001,2020-07-13T03:16:32.860428Z,0d0f8653-5d12-4428-9888-7762d9bc85f5,train,,,1000.0,manual,"bucket1$32,:3,:2001"
2E.JULA.2020-07-13T03:28:35.150428Z,2E,JULA,HH,200.0,2001,2020-07-13T03:28:35.150428Z,97048962-95b0-4471-9916-4551cb5169bb,dev,,,1000.0,manual,"bucket2$3,:3,:2001"
2E.JULA.2020-07-13T03:41:39.200428Z,2E,JULA,HH,200.0,2001,2020-07-13T03:41:39.200428Z,f8e55e90-4a53-47de-8919-aa956ef27490,train,,,1000.0,manual,"bucket1$33,:3,:2001"
2E.JULA.2020-07-13T03:54:59.820428Z,2E,JULA,HH,200.0,2001,2020-07-13T03:54:59.820428Z,7b908317-4de8-472f-a7de-c2865d55d545,train,,,1000.0,manual,"bucket1$34,:3,:2001"
2E.JULA.2020-07-13T04:05:33.230428Z,2E,JULA,HH,200.0,2001,2020-07-13T04:05:33.230428Z,0979e532-c0fd-41d9-bac7-0988eefd13d3,train,,,1000.0,manual,"bucket1$35,:3,:2001"
2E.JULA.2020-07-13T04:18:45.160428Z,2E,JULA,HH,200.0,2001,2020-07-13T04:18:45.160428Z,9aa4a260-eb8d-43d5-bd58-3be671c2145f,train,,,1000.0,manual,"bucket1$36,:3,:2001"
2E.JULA.2020-07-13T04:30:44.635428Z,2E,JULA,HH,200.0,2001,2020-07-13T04:30:44.635428Z,320fc596-6ae7-44cf-8fb8-23a18042ca8c,train,,,1000.0,manual,"bucket1$37,:3,:2001"
2E.JULA.2020-07-13T04:43:55.345428Z,2E,JULA,HH,200.0,2001,2020-07-13T04:43:55.345428Z,1b12a6c3-0a4c-445a-b239-7e4c79c70965,train,,,1000.0,manual,"bucket1$38,:3,:2001"
2E.JULA.2020-07-13T04:55:44.125428Z,2E,JULA,HH,200.0,2001,2020-07-13T04:55:44.125428Z,7e09eb5d-b0bc-49f6-9ec9-a48abf53b0f2,train,,,1000.0,manual,"bucket1$39,:3,:2001"
2E.JULA.2020-07-13T05:06:13.505428Z,2E,JULA,HH,200.0,2001,2020-07-13T05:06:13.505428Z,82f8cb6f-1ab0-49c6-af8d-c638790cdcd7,train,,,1000.0,manual,"bucket1$40,:3,:2001"
2E.JULA.2020-07-13T05:18:05.070428Z,2E,JULA,HH,200.0,2001,2020-07-13T05:18:05.070428Z,feff80ea-5579-4218-b8df-9904e33ad0d9,test,,,1000.0,manual,"bucket0$5,:3,:2001"
2E.JULA.2020-07-13T05:30:48.500428Z,2E,JULA,HH,200.0,2001,2020-07-13T05:30:48.500428Z,c17dceaa-2c0a-4908-98a2-b5c05a3cf19d,train,,,1000.0,manual,"bucket1$41,:3,:2001"
2E.JULA.2020-07-13T05:45:15.670428Z,2E,JULA,HH,200.0,2001,2020-07-13T05:45:15.670428Z,e2f7b362-e2db-4aac-8699-7beb2f64a793,dev,,,1000.0,manual,"bucket2$4,:3,:2001"
2E.JULA.2020-07-13T05:57:24.065428Z,2E,JULA,HH,200.0,2001,2020-07-13T05:57:24.065428Z,0ce366bb-d542-4504-966a-a84edf3a952a,train,,,1000.0,manual,"bucket1$42,:3,:2001"
2E.JULA.2020-07-13T06:19:01.180428Z,2E,JULA,HH,200.0,2001,2020-07-13T06:19:01.180428Z,8b765ece-3217-435b-9522-ae2b46290a04,train,,,1000.0,manual,"bucket1$43,:3,:2001"
2E.JULA.2020-07-13T06:30:36.980428Z,2E,JULA,HH,200.0,2001,2020-07-13T06:30:36.980428Z,cf74898e-c3d3-4c77-8f60-febee24f9816,test,,,1000.0,manual,"bucket0$6,:3,:2001"
2E.JULA.2020-07-13T06:41:03.440428Z,2E,JULA,HH,200.0,2001,2020-07-13T06:41:03.440428Z,917fafd1-18b5-4ce0-a0a4-bbf4fdec0458,train,,,1000.0,manual,"bucket1$44,:3,:2001"
2E.JULA.2020-07-13T06:51:55.525428Z,2E,JULA,HH,200.0,2001,2020-07-13T06:51:55.525428Z,22ea95da-5781-4a08-a966-c4dfd0d7409c,train,,,1000.0,manual,"bucket1$45,:3,:2001"
2E.JULA.2020-07-13T07:04:00.770428Z,2E,JULA,HH,200.0,2001,2020-07-13T07:04:00.770428Z,1f659f75-429b-47cd-aa9a-740fb3637a15,test,,,1000.0,manual,"bucket0$7,:3,:2001"
2E.JULA.2020-07-13T07:15:02.770428Z,2E,JULA,HH,200.0,2001,2020-07-13T07:15:02.770428Z,a72f7bb0-c847-4520-98c8-3f927dd65b4a,train,,,1000.0,manual,"bucket1$46,:3,:2001"
2E.JULA.2020-07-13T08:00:34.195428Z,2E,JULA,HH,200.0,2001,2020-07-13T08:00:34.195428Z,42ec99e1-09bf-4bd2-a298-af989b448ebd,train,,,1000.0,manual,"bucket1$47,:3,:2001"
2E.JULA.2020-07-13T08:10:33.850428Z,2E,JULA,HH,200.0,2001,2020-07-13T08:10:33.850428Z,6fe9e534-6bf8-43fc-a031-77116bb2123a,dev,,,1000.0,manual,"bucket2$5,:3,:2001"
2E.JULA.2020-07-13T08:46:01.615428Z,2E,JULA,HH,200.0,2001,2020-07-13T08:46:01.615428Z,c9e97638-5a5d-4591-b6da-04dbb1d26fd4,train,,,1000.0,manual,"bucket1$48,:3,:2001"
2E.JULA.2020-07-13T10:57:01.760428Z,2E,JULA,HH,200.0,2001,2020-07-13T10:57:01.760428Z,f9872222-73df-4db0-8b0d-92c78964af27,train,,,1000.0,manual,"bucket1$49,:3,:2001"
2E.JULA.2020-07-13T11:51:20.190428Z,2E,JULA,HH,200.0,2001,2020-07-13T11:51:20.190428Z,0296ff09-71c5-4800-ab84-ffffed68216b,train,,,1000.0,manual,"bucket1$50,:3,:2001"
2E.JULA.2020-07-13T12:10:30.225428Z,2E,JULA,HH,200.0,2001,2020-07-13T12:10:30.225428Z,76b224e6-a9e1-4c89-835d-239957228504,train,,,1000.0,manual,"bucket1$51,:3,:2001"
2E.JULA.2020-07-13T12:21:59.515428Z,2E,JULA,HH,200.0,2001,2020-07-13T12:21:59.515428Z,8765f203-6543-471a-8718-998f056c4109,train,,,1000.0,manual,"bucket1$52,:3,:2001"
2E.JULA.2020-07-13T12:33:29.650428Z,2E,JULA,HH,200.0,2001,2020-07-13T12:33:29.650428Z,caa4c8da-7ffc-40ab-a9d0-9f6fa2c883b5,test,,,1000.0,manual,"bucket0$8,:3,:2001"
2E.JULA.2020-07-13T12:46:31.935428Z,2E,JULA,HH,200.0,2001,2020-07-13T12:46:31.935428Z,9ee72272-1e2b-4133-b2af-d299f5e2ca63,train,,,1000.0,manual,"bucket1$53,:3,:2001"
2E.JULA.2020-07-13T12:58:48.050428Z,2E,JULA,HH,200.0,2001,2020-07-13T12:58:48.050428Z,1cede333-76d8-4d9a-b2b0-779381c85e67,train,,,1000.0,manual,"bucket1$54,:3,:2001"
2E.JULA.2020-07-13T13:45:21.140428Z,2E,JULA,HH,200.0,2001,2020-07-13T13:45:21.140428Z,73e46c19-9c4e-4e34-ba40-8c1ba811debd,train,,,1000.0,manual,"bucket1$55,:3,:2001"
2E.JULA.2020-07-13T13:58:24.810428Z,2E,JULA,HH,200.0,2001,2020-07-13T13:58:24.810428Z,bfaf3485-cd4a-45f4-bf2c-d373e9f1e54a,train,,,1000.0,manual,"bucket1$56,:3,:2001"
2E.JULA.2020-07-13T14:10:20.920428Z,2E,JULA,HH,200.0,2001,2020-07-13T14:10:20.920428Z,948b1c64-2e0a-4978-9fe6-a1b3e13c05c4,dev,,,1000.0,manual,"bucket2$6,:3,:2001"
2E.JULA.2020-07-13T14:21:29.855428Z,2E,JULA,HH,200.0,2001,2020-07-13T14:21:29.855428Z,446e8874-9015-4182-9572-aa0d6a9f5e38,dev,,,1000.0,manual,"bucket2$7,:3,:2001"
2E.JULA.2020-07-13T14:34:19.095428Z,2E,JULA,HH,200.0,2001,2020-07-13T14:34:19.095428Z,29a0bc43-9ed4-43af-829e-45635fab8bbb,test,,,1000.0,manual,"bucket0$9,:3,:2001"
2E.JULA.2020-07-13T15:36:10.825428Z,2E,JULA,HH,200.0,2001,2020-07-13T15:36:10.825428Z,cb0ef1e5-bc98-41d1-9737-7ccf6c9ba28d,train,,,1000.0,manual,"bucket1$57,:3,:2001"
2E.JULA.2020-07-13T15:49:50.180428Z,2E,JULA,HH,200.0,2001,2020-07-13T15:49:50.180428Z,863713ef-ae18-48c1-b586-bfec7b50a31b,train,,,1000.0,manual,"bucket1$58,:3,:2001"
2E.JULA.2020-07-13T16:37:28.355428Z,2E,JULA,HH,200.0,2001,2020-07-13T16:37:28.355428Z,58587aac-ef3f-4e5b-a404-b545f057284c,train,,,1000.0,manual,"bucket1$59,:3,:2001"
2E.JULA.2020-07-13T16:49:19.950428Z,2E,JULA,HH,200.0,2001,2020-07-13T16:49:19.950428Z,e41941eb-b78d-41cd-acc7-0b8e92ff1096,test,,,1000.0,manual,"bucket0$10,:3,:2001"
2E.JULA.2020-07-13T17:02:37.180428Z,2E,JULA,HH,200.0,2001,2020-07-13T17:02:37.180428Z,da9e2de2-21d0-40bc-8327-bb48d6c89cae,train,,,1000.0,manual,"bucket1$60,:3,:2001"
2E.JULA.2020-07-13T17:18:45.255428Z,2E,JULA,HH,200.0,2001,2020-07-13T17:18:45.255428Z,ed7b6a94-e383-43a0-b492-a94501937c63,train,,,1000.0,manual,"bucket1$61,:3,:2001"
2E.JULA.2020-07-13T17:45:02.505428Z,2E,JULA,HH,200.0,2001,2020-07-13T17:45:02.505428Z,bbfa88b2-757f-4f51-85d8-6670c582150d,dev,,,1000.0,manual,"bucket2$8,:3,:2001"
2E.JULA.2020-07-13T21:16:49.385428Z,2E,JULA,HH,200.0,2001,2020-07-13T21:16:49.385428Z,e4019e9f-7c7a-417c-aafc-85a6d145bcbe,train,,,1000.0,manual,"bucket1$62,:3,:2001"
2E.JULA.2020-07-13T21:31:20.915428Z,2E,JULA,HH,200.0,2001,2020-07-13T21:31:20.915428Z,5d5222d4-d441-4357-926c-753323f1572c,train,,,1000.0,manual,"bucket1$63,:3,:2001"
2E.JULA.2020-07-13T23:51:18.640428Z,2E,JULA,HH,200.0,2001,2020-07-13T23:51:18.640428Z,d050e7aa-895c-4343-a52d-78d11599b75b,train,,,1000.0,manual,"bucket1$64,:3,:2001"
2E.JULA.2020-07-14T16:29:13.160428Z,2E,JULA,HH,200.0,2001,2020-07-14T16:29:13.160428Z,5ea14e4f-9570-492a-9d7f-2724cf0935d7,test,,,1000.0,manual,"bucket0$11,:3,:2001"
2E.JULA.2020-07-14T16:52:55.485428Z,2E,JULA,HH,200.0,2001,2020-07-14T16:52:55.485428Z,e995e5fa-a04b-4ffe-9693-c010653c2bf4,test,,,1000.0,manual,"bucket0$12,:3,:2001"
2E.JULA.2020-07-14T17:01:17.190428Z,2E,JULA,HH,200.0,2001,2020-07-14T17:01:17.190428Z,fb17f40f-f2c9-4e92-9583-b40f58f35572,dev,,,1000.0,manual,"bucket2$9,:3,:2001"
2E.JULA.2020-07-14T17:12:48.320428Z,2E,JULA,HH,200.0,2001,2020-07-14T17:12:48.320428Z,b212268f-555f-440e-8b9b-29fa3a9de957,train,,,1000.0,manual,"bucket1$65,:3,:2001"
2E.JULA.2020-07-14T17:22:22.560428Z,2E,JULA,HH,200.0,2001,2020-07-14T17:22:22.560428Z,62563971-9251-451b-95f2-655d4547f92f,train,,,1000.0,manual,"bucket1$66,:3,:2001"
2E.JULA.2020-07-14T18:47:26.770428Z,2E,JULA,HH,200.0,2001,2020-07-14T18:47:26.770428Z,f65dad4e-1991-4be5-8bf7-bd556806bd4d,test,,,1000.0,manual,"bucket0$13,:3,:2001"
2E.JULA.2020-07-14T18:58:02.570428Z,2E,JULA,HH,200.0,2001,2020-07-14T18:58:02.570428Z,dd67a714-4c4f-4ee7-b23f-a81cf2ff3cc7,train,,,1000.0,manual,"bucket1$67,:3,:2001"
2E.JULA.2020-07-14T19:25:38.680428Z,2E,JULA,HH,200.0,2001,2020-07-14T19:25:38.680428Z,2ce2dc9d-2dd8-40c0-91f7-d6a399fd559a,train,,,1000.0,manual,"bucket1$68,:3,:2001"
2E.JULA.2020-07-14T19:54:51.015428Z,2E,JULA,HH,200.0,2001,2020-07-14T19:54:51.015428Z,b942f7f1-9d9c-463b-a76a-75f66a3ea3c4,test,,,1000.0,manual,"bucket0$14,:3,:2001"
2E.JULA.2020-07-14T20:05:32.575428Z,2E,JULA,HH,200.0,2001,2020-07-14T20:05:32.575428Z,95233143-5227-429e-b99b-ba752f25e016,train,,,1000.0,manual,"bucket1$69,:3,:2001"
2E.JULA.2020-07-14T20:15:19.480428Z,2E,JULA,HH,200.0,2001,2020-07-14T20:15:19.480428Z,3d9dc98a-2b7a-4b5b-8c9d-4562186487ec,train,,,1000.0,manual,"bucket1$70,:3,:2001"
2E.JULA.2020-07-14T20:24:26.730428Z,2E,JULA,HH,200.0,2001,2020-07-14T20:24:26.730428Z,b7e8c266-fbd1-480a-912f-92134a948f23,train,,,1000.0,manual,"bucket1$71,:3,:2001"
2E.JULA.2020-07-14T20:35:38.910428Z,2E,JULA,HH,200.0,2001,2020-07-14T20:35:38.910428Z,f67926c1-57fe-4a9c-a6fd-d9f92a190b43,train,,,1000.0,manual,"bucket1$72,:3,:2001"
2E.JULA.2020-07-14T20:45:56.390428Z,2E,JULA,HH,200.0,2001,2020-07-14T20:45:56.390428Z,2c38d652-ae51-471d-a894-133bc70a421d,train,,,1000.0,manual,"bucket1$73,:3,:2001"
2E.JULA.2020-07-14T21:07:11.580428Z,2E,JULA,HH,200.0,2001,2020-07-14T21:07:11.580428Z,7d740f98-57d3-4f78-97a5-ffc0b1ce0c61,train,,,1000.0,manual,"bucket1$74,:3,:2001"
2E.JULA.2020-07-14T21:18:03.370428Z,2E,JULA,HH,200.0,2001,2020-07-14T21:18:03.370428Z,373c8d08-29e7-4724-b98d-7e8b3f152037,train,,,1000.0,manual,"bucket1$75,:3,:2001"
2E.JULA.2020-07-14T21:30:39.140428Z,2E,JULA,HH,200.0,2001,2020-07-14T21:30:39.140428Z,2dde97e0-9a4b-4bf2-98d6-42f2e7af229b,test,,,1000.0,manual,"bucket0$15,:3,:2001"
2E.JULA.2020-07-14T21:42:25.830428Z,2E,JULA,HH,200.0,2001,2020-07-14T21:42:25.830428Z,8911a97a-42d0-4630-a8e5-3bc7d81f9b1e,test,,,1000.0,manual,"bucket0$16,:3,:2001"
2E.JULA.2020-07-14T21:53:58.500428Z,2E,JULA,HH,200.0,2001,2020-07-14T21:53:58.500428Z,674fcbd4-1295-473a-9052-9b8b102c6efe,train,,,1000.0,manual,"bucket1$76,:3,:2001"
2E.JULA.2020-07-14T22:06:58.600428Z,2E,JULA,HH,200.0,2001,2020-07-14T22:06:58.600428Z,4d333528-8bf2-44ec-9a2a-8750f2c2279b,train,,,1000.0,manual,"bucket1$77,:3,:2001"
2E.JULA.2020-07-14T22:17:16.175428Z,2E,JULA,HH,200.0,2001,2020-07-14T22:17:16.175428Z,fb98fca6-f915-4c3c-bb2e-81adcddc4002,test,,,1000.0,manual,"bucket0$17,:3,:2001"
2E.JULA.2020-07-14T22:28:19.010428Z,2E,JULA,HH,200.0,2001,2020-07-14T22:28:19.010428Z,1d58d28c-e490-41eb-8234-2bc1a79dfab5,train,,,1000.0,manual,"bucket1$78,:3,:2001"
2E.JULA.2020-07-14T22:40:04.915428Z,2E,JULA,HH,200.0,2001,2020-07-14T22:40:04.915428Z,28193005-074e-4a71-9648-c6e2bb7adece,test,,,1000.0,manual,"bucket0$18,:3,:2001"
2E.JULA.2020-07-14T22:51:09.365428Z,2E,JULA,HH,200.0,2001,2020-07-14T22:51:09.365428Z,3f6929ad-3329-439b-b8c4-37d78ad8858c,dev,,,1000.0,manual,"bucket2$10,:3,:2001"
2E.JULA.2020-07-14T23:01:17.045428Z,2E,JULA,HH,200.0,2001,2020-07-14T23:01:17.045428Z,07acd0c1-0754-45dc-a4ae-5d71ebc15f0e,test,,,1000.0,manual,"bucket0$19,:3,:2001"
2E.JULA.2020-07-14T23:13:21.490428Z,2E,JULA,HH,200.0,2001,2020-07-14T23:13:21.490428Z,7a896f0b-3aee-4a8b-bb37-b4004580c06e,dev,,,1000.0,manual,"bucket2$11,:3,:2001"
2E.JULA.2020-07-14T23:22:06.430428Z,2E,JULA,HH,200.0,2001,2020-07-14T23:22:06.430428Z,593c30ad-debb-4a44-b0ed-7754a01b5e3a,train,,,1000.0,manual,"bucket1$79,:3,:2001"
2E.JULA.2020-07-14T23:33:46.935428Z,2E,JULA,HH,200.0,2001,2020-07-14T23:33:46.935428Z,6c660cd1-23a4-4eba-ac11-0e301a66fe07,train,,,1000.0,manual,"bucket1$80,:3,:2001"
2E.JULA.2020-07-14T23:46:14.850428Z,2E,JULA,HH,200.0,2001,2020-07-14T23:46:14.850428Z,f3cc09aa-130f-463b-8226-34c44495b8eb,train,,,1000.0,manual,"bucket1$81,:3,:2001"
2E.JULA.2020-07-14T23:56:40.615428Z,2E,JULA,HH,200.0,2001,2020-07-14T23:56:40.615428Z,b51956f7-36b5-450b-a300-2d23881d6ad9,test,,,1000.0,manual,"bucket0$20,:3,:2001"
2E.JULA.2020-07-15T00:07:08.985428Z,2E,JULA,HH,200.0,2001,2020-07-15T00:07:08.985428Z,d873b190-e156-437e-8e75-4c0832cc87aa,train,,,1000.0,manual,"bucket1$82,:3,:2001"
2E.JULA.2020-07-15T00:17:42.535428Z,2E,JULA,HH,200.0,2001,2020-07-15T00:17:42.535428Z,ae29f4d5-db3a-490a-926e-e58c24360247,train,,,1000.0,manual,"bucket1$83,:3,:2001"
2E.JULA.2020-07-15T00:28:21.795428Z,2E,JULA,HH,200.0,2001,2020-07-15T00:28:21.795428Z,4cdcd1ec-b7ed-40ab-b159-7524a39984ae,train,,,1000.0,manual,"bucket1$84,:3,:2001"
2E.JULA.2020-07-15T01:02:01.775428Z,2E,JULA,HH,200.0,2001,2020-07-15T01:02:01.775428Z,7763614b-d978-44df-a7f8-5a76c2b656f5,train,,,1000.0,manual,"bucket1$85,:3,:2001"
2E.JULA.2020-07-15T01:29:05.050428Z,2E,JULA,HH,200.0,2001,2020-07-15T01:29:05.050428Z,7df620b5-e255-436d-9a10-1ad2cdf4cc08,train,,,1000.0,manual,"bucket1$86,:3,:2001"
2E.JULA.2020-07-15T01:53:17.610428Z,2E,JULA,HH,200.0,2001,2020-07-15T01:53:17.610428Z,d1c0be32-2320-4605-92bd-964f4cfa9638,dev,,,1000.0,manual,"bucket2$12,:3,:2001"
2E.JULA.2020-07-15T02:38:02.335428Z,2E,JULA,HH,200.0,2001,2020-07-15T02:38:02.335428Z,1888a19d-2a27-4fd7-aa24-f94eff139ad9,train,,,1000.0,manual,"bucket1$87,:3,:2001"
2E.JULA.2020-07-23T08:27:25.523236Z,2E,JULA,HH,200.0,2001,2020-07-23T08:27:25.523236Z,0fbfa751-412c-41a3-b990-2fa72758d4f7,test,1000.0,manual,1098.0,manual,"bucket0$21,:3,:2001"
2E.JULA.2020-07-25T03:34:01.390428Z,2E,JULA,HH,200.0,2001,2020-07-25T03:34:01.390428Z,1e74a7a6-b5d4-4090-bf64-5ad7f1290ef7,train,,,1000.0,manual,"bucket1$88,:3,:2001"
2E.JULA.2020-07-25T05:50:22.845428Z,2E,JULA,HH,200.0,2001,2020-07-25T05:50:22.845428Z,69d697f8-93f7-41ac-994a-3c5d76863a54,train,,,1000.0,manual,"bucket1$89,:3,:2001"
2E.JULA.2020-07-25T07:24:12.325428Z,2E,JULA,HH,200.0,2001,2020-07-25T07:24:12.325428Z,bf60e6ea-73b1-48d4-8891-c53b1f7c5cc9,train,,,1000.0,manual,"bucket1$90,:3,:2001"
2E.JULA.2020-07-25T08:12:33.420428Z,2E,JULA,HH,200.0,2001,2020-07-25T08:12:33.420428Z,cc8cb452-f72f-4777-8ba5-32acffdc173f,train,,,1000.0,manual,"bucket1$91,:3,:2001"
2E.JULA.2020-07-25T11:03:17.395428Z,2E,JULA,HH,200.0,2001,2020-07-25T11:03:17.395428Z,5b008032-6c76-4b95-9b88-75980274c7b0,train,,,1000.0,manual,"bucket1$92,:3,:2001"
2E.JULA.2020-07-25T14:22:01.515428Z,2E,JULA,HH,200.0,2001,2020-07-25T14:22:01.515428Z,66f850f9-af0f-40bc-b3f3-c91675e9ccbd,dev,,,1000.0,manual,"bucket2$13,:3,:2001"
2E.JULA.2020-07-25T15:36:12.825428Z,2E,JULA,HH,200.0,2001,2020-07-25T15:36:12.825428Z,40843d02-efb0-4135-92a6-1e9fa7836ea9,train,,,1000.0,manual,"bucket1$93,:3,:2001"
2E.JULA.2020-07-25T16:56:24.395428Z,2E,JULA,HH,200.0,2001,2020-07-25T16:56:24.395428Z,b16becb2-3888-4c8c-8bd6-aca40d2bcd70,test,,,1000.0,manual,"bucket0$22,:3,:2001"
2E.JULA.2020-07-25T17:14:07.310428Z,2E,JULA,HH,200.0,2001,2020-07-25T17:14:07.310428Z,58d8fbd1-26ca-45ae-8fc4-811503c565a9,train,,,1000.0,manual,"bucket1$94,:3,:2001"
2E.JULA.2020-07-25T17:29:07.290428Z,2E,JULA,HH,200.0,2001,2020-07-25T17:29:07.290428Z,eafa46d7-fbde-43d3-9ff1-da3f66c11044,train,,,1000.0,manual,"bucket1$95,:3,:2001"
2E.JULA.2020-07-25T17:46:19.860428Z,2E,JULA,HH,200.0,2001,2020-07-25T17:46:19.860428Z,14e3c913-f00e-479b-a707-e4b3000b4fb2,train,,,1000.0,manual,"bucket1$96,:3,:2001"
2E.JULA.2020-07-25T18:38:03.880428Z,2E,JULA,HH,200.0,2001,2020-07-25T18:38:03.880428Z,6db53cd2-94f8-47b2-ba0d-ae115f965594,train,,,1000.0,manual,"bucket1$97,:3,:2001"
2E.JULA.2020-07-25T19:50:36.090428Z,2E,JULA,HH,200.0,2001,2020-07-25T19:50:36.090428Z,349f4b0f-000f-4b71-a029-647717f03042,train,,,1000.0,manual,"bucket1$98,:3,:2001"
2E.JULA.2020-07-27T11:54:13.045428Z,2E,JULA,HH,200.0,2001,2020-07-27T11:54:13.045428Z,1c4e7450-be65-4eb3-8fc3-645baaae931f,dev,,,1000.0,manual,"bucket2$14,:3,:2001"
2E.JULA.2020-07-27T12:25:17.620428Z,2E,JULA,HH,200.0,2001,2020-07-27T12:25:17.620428Z,50b11cd8-8d8a-4d65-82af-fd5349a1f416,train,,,1000.0,manual,"bucket1$99,:3,:2001"
2E.JULA.2020-07-27T12:41:36.685428Z,2E,JULA,HH,200.0,2001,2020-07-27T12:41:36.685428Z,9b2bd241-a0d7-4cc3-97a0-d7bb9499ff8f,train,,,1000.0,manual,"bucket1$100,:3,:2001"
2E.JULA.2020-07-27T12:56:26.095428Z,2E,JULA,HH,200.0,2001,2020-07-27T12:56:26.095428Z,69dfba58-42a8-44bb-aa82-f8c890d458ea,train,,,1000.0,manual,"bucket1$101,:3,:2001"
2E.JULA.2020-07-28T17:11:16.198236Z,2E,JULA,HH,200.0,2001,2020-07-28T17:11:16.198236Z,76e8ee55-fab0-4150-b9b9-8ba713878a01,train,1000.0,manual,,,"bucket1$102,:3,:2001"
2E.JULA.2020-07-28T17:43:09.558236Z,2E,JULA,HH,200.0,2001,2020-07-28T17:43:09.558236Z,bf5c5db5-1cb2-44b7-8dc5-1d72cf6c43b1,train,1000.0,manual,1098.0,manual,"bucket1$103,:3,:2001"
2E.JULA.2020-07-28T19:19:03.428236Z,2E,JULA,HH,200.0,2001,2020-07-28T19:19:03.428236Z,eb91439f-645f-40f6-90e4-64508cc4cc15,train,1000.0,manual,1098.0,manual,"bucket1$104,:3,:2001"
2E.JULA.2020-07-28T19:35:03.083236Z,2E,JULA,HH,200.0,2001,2020-07-28T19:35:03.083236Z,f12ad731-16ca-45ac-821f-6a0c54fdece0,dev,1000.0,manual,1098.0,manual,"bucket2$15,:3,:2001"
2E.JULA.2020-07-28T20:38:24.453236Z,2E,JULA,HH,200.0,2001,2020-07-28T20:38:24.453236Z,f50c6597-8293-459f-8013-5d92389fded2,train,1000.0,manual,1098.0,manual,"bucket1$105,:3,:2001"
2E.JULA.2020-07-28T22:18:35.563236Z,2E,JULA,HH,200.0,2001,2020-07-28T22:18:35.563236Z,31785b03-d902-4a6f-95b4-c314e15d7c74,dev,1000.0,manual,1098.0,manual,"bucket2$16,:3,:2001"
2E.JULA.2020-07-29T00:10:09.078236Z,2E,JULA,HH,200.0,2001,2020-07-29T00:10:09.078236Z,d91fbffd-4b36-4cec-91e0-a3b37f628a49,test,1000.0,manual,1098.0,manual,"bucket0$23,:3,:2001"
2E.JULA.2020-07-29T00:39:07.258236Z,2E,JULA,HH,200.0,2001,2020-07-29T00:39:07.258236Z,6e033b4c-001e-4e26-ab5e-9a89c722747a,test,1000.0,manual,1098.0,manual,"bucket0$24,:3,:2001"
2E.JULA.2020-07-29T00:57:14.643236Z,2E,JULA,HH,200.0,2001,2020-07-29T00:57:14.643236Z,724e418a-4794-4a8c-b8b7-207043483170,train,1000.0,manual,1098.0,manual,"bucket1$106,:3,:2001"
2E.JULA.2020-07-29T01:30:37.818236Z,2E,JULA,HH,200.0,2001,2020-07-29T01:30:37.818236Z,998801b6-2bbb-4601-a256-a9004a8820cd,train,1000.0,manual,1098.0,manual,"bucket1$107,:3,:2001"
2E.JULA.2020-07-29T01:48:33.908236Z,2E,JULA,HH,200.0,2001,2020-07-29T01:48:33.908236Z,1f2e90e5-01e0-4800-8d95-62b0d9954d34,train,1000.0,manual,1098.0,manual,"bucket1$108,:3,:2001"
2E.JULA.2020-07-29T02:30:42.888236Z,2E,JULA,HH,200.0,2001,2020-07-29T02:30:42.888236Z,a44317ea-00fc-4295-912c-0a758d4ddf47,train,1000.0,manual,1098.0,manual,"bucket1$109,:3,:2001"
2E.LILA.2020-07-17T00:14:41.542437Z,2E,LILA,HH,200.0,2001,2020-07-17T00:14:41.542437Z,ffec101b-330b-4c29-82dc-379a4d667dee,test,1000.0,manual,,,"bucket0$25,:3,:2001"
2E.LILA.2020-07-25T02:58:00.492482Z,2E,LILA,HH,200.0,2001,2020-07-25T02:58:00.492482Z,46edd12a-7154-4527-a84a-280fbfbd1c65,train,,,1000.0,manual,"bucket1$110,:3,:2001"
2E.OKGS.2020-04-18T20:18:54.038505Z,2E,OKGS,HH,200.0,2001,2020-04-18T20:18:54.038505Z,5013ddd9-af2f-4635-b700-f665ba591b0c,train,,,1000.0,manual,"bucket1$111,:3,:2001"
2E.OKGS.2020-04-19T23:39:33.547436Z,2E,OKGS,HH,200.0,2001,2020-04-19T23:39:33.547436Z,9f5c524d-7438-4351-aebb-7207c78c0c1f,dev,,,1000.0,manual,"bucket2$17,:3,:2001"
2E.OKGS.2020-05-02T04:32:23.261729Z,2E,OKGS,HH,200.0,2001,2020-05-02T04:32:23.261729Z,ebc68982-9402-4bef-99e6-3232a0dea80c,train,1000.0,manual,1310.0,manual,"bucket1$112,:3,:2001"
2E.OKGS.2020-07-23T08:27:28.105895Z,2E,OKGS,HH,200.0,2001,2020-07-23T08:27:28.105895Z,0fbfa751-412c-41a3-b990-2fa72758d4f7,test,1000.0,manual,,,"bucket0$26,:3,:2001"
2E.OTIS.2020-07-12T20:16:44.444701Z,2E,OTIS,HH,200.0,2001,2020-07-12T20:16:44.444701Z,18524ffc-7574-46fd-8460-c87b4f3a1ae4,train,1000.0,manual,,,"bucket1$113,:3,:2001"
2E.OTIS.2020-07-13T01:51:39.699701Z,2E,OTIS,HH,200.0,2001,2020-07-13T01:51:39.699701Z,f2338b3d-428f-4e45-9dd2-4281cfce1430,train,1000.0,manual,,,"bucket1$114,:3,:2001"
2E.OTIS.2020-07-13T03:17:46.104701Z,2E,OTIS,HH,200.0,2001,2020-07-13T03:17:46.104701Z,94f15a83-1f90-4991-bdb5-f7b33370c380,train,1000.0,manual,,,"bucket1$115,:3,:2001"
2E.OTIS.2020-07-13T04:01:56.164701Z,2E,OTIS,HH,200.0,2001,2020-07-13T04:01:56.164701Z,592c685b-82ad-4021-ab1d-e91172fa1fda,train,1000.0,manual,,,"bucket1$116,:3,:2001"
2E.OTIS.2020-07-13T05:13:19.969701Z,2E,OTIS,HH,200.0,2001,2020-07-13T05:13:19.969701Z,2fac2b7b-0df5-4843-90a7-af00ad0cdf2f,train,1000.0,manual,,,"bucket1$117,:3,:2001"
2E.OTIS.2020-07-13T06:21:10.179701Z,2E,OTIS,HH,200.0,2001,2020-07-13T06:21:10.179701Z,6a7f98f6-4465-4f01-87af-dc821d7c7374,train,1000.0,manual,,,"bucket1$118,:3,:2001"
2E.OTIS.2020-07-13T07:09:06.134701Z,2E,OTIS,HH,200.0,2001,2020-07-13T07:09:06.134701Z,82227095-03f0-455a-82cf-3854b9783077,train,1000.0,manual,,,"bucket1$119,:3,:2001"
2E.OTIS.2020-07-13T08:24:41.250591Z,2E,OTIS,HH,200.0,2001,2020-07-13T08:24:41.250591Z,6e85ee5d-5a34-462f-b974-561943c2358a,test,1000.0,manual,,,"bucket0$27,:3,:2001"
2E.OTIS.2020-07-13T11:55:53.134701Z,2E,OTIS,HH,200.0,2001,2020-07-13T11:55:53.134701Z,8dcf07ed-aa53-439c-98df-e4bc465b0c07,dev,1000.0,manual,,,"bucket2$18,:3,:2001"
2E.OTIS.2020-07-17T00:14:41.362045Z,2E,OTIS,HH,200.0,2001,2020-07-17T00:14:41.362045Z,ffec101b-330b-4c29-82dc-379a4d667dee,train,1000.0,manual,,,"bucket1$120,:3,:2001"
2E.OTIS.2020-07-17T01:27:23.007045Z,2E,OTIS,HH,200.0,2001,2020-07-17T01:27:23.007045Z,0476fe4e-1ece-4e23-8594-7f45ecb1721e,train,1000.0,manual,,,"bucket1$121,:3,:2001"
2E.OTIS.2020-07-18T01:30:49.572045Z,2E,OTIS,HH,200.0,2001,2020-07-18T01:30:49.572045Z,94fc8a28-c52b-46c2-8a31-863d317d4387,train,1000.0,manual,,,"bucket1$122,:3,:2001"
2E.OTIS.2020-07-19T20:31:59.262045Z,2E,OTIS,HH,200.0,2001,2020-07-19T20:31:59.262045Z,4093113c-8695-4516-b65f-4acd3757a2c4,train,1000.0,manual,,,"bucket1$123,:3,:2001"
2E.OTIS.2020-07-19T21:38:36.427045Z,2E,OTIS,HH,200.0,2001,2020-07-19T21:38:36.427045Z,02d6de08-5e50-4e41-9847-ed9524fa2db2,train,1000.0,manual,,,"bucket1$124,:3,:2001"
2E.OTIS.2020-07-19T22:07:58.518361Z,2E,OTIS,HH,200.0,2001,2020-07-19T22:07:58.518361Z,97db3229-e5fa-443f-9271-1f4418e3a424,dev,1000.0,manual,,,"bucket2$19,:3,:2001"
2E.OTIS.2020-07-19T22:14:48.992045Z,2E,OTIS,HH,200.0,2001,2020-07-19T22:14:48.992045Z,7d297ca6-fa8d-40b4-adcb-6d86c6a9d35e,train,1000.0,manual,,,"bucket1$125,:3,:2001"
2E.OTIS.2020-07-19T22:37:25.753361Z,2E,OTIS,HH,200.0,2001,2020-07-19T22:37:25.753361Z,c1203cae-410a-4a92-b471-5654002683a1,test,1000.0,manual,,,"bucket0$28,:3,:2001"
2E.OTIS.2020-07-20T15:56:03.807045Z,2E,OTIS,HH,200.0,2001,2020-07-20T15:56:03.807045Z,f1893721-19b9-440e-b3b0-34067f6b7ebc,train,1000.0,manual,,,"bucket1$126,:3,:2001"
2E.OTIS.2020-07-20T19:36:50.137045Z,2E,OTIS,HH,200.0,2001,2020-07-20T19:36:50.137045Z,637caafc-f43b-40fa-b922-50735abb2205,dev,1000.0,manual,,,"bucket2$20,:3,:2001"
2E.OTIS.2020-07-20T20:29:48.432045Z,2E,OTIS,HH,200.0,2001,2020-07-20T20:29:48.432045Z,813cfdfc-7af9-4a04-967a-394fc533654a,test,1000.0,manual,,,"bucket0$29,:3,:2001"
2E.OTIS.2020-07-20T21:31:59.722045Z,2E,OTIS,HH,200.0,2001,2020-07-20T21:31:59.722045Z,ebf85a85-424d-4789-92af-116f1c374e88,dev,1000.0,manual,,,"bucket2$21,:3,:2001"
2E.OTIS.2020-07-20T22:32:32.122045Z,2E,OTIS,HH,200.0,2001,2020-07-20T22:32:32.122045Z,e7368b10-f5a6-4716-8fb7-50c7628a9a26,dev,1000.0,manual,,,"bucket2$22,:3,:2001"
2E.OTIS.2020-07-20T23:32:25.377045Z,2E,OTIS,HH,200.0,2001,2020-07-20T23:32:25.377045Z,fe0b53c9-f048-434e-bbfe-6e6062c56b65,dev,1000.0,manual,,,"bucket2$23,:3,:2001"
2E.OTIS.2020-07-21T00:33:54.627045Z,2E,OTIS,HH,200.0,2001,2020-07-21T00:33:54.627045Z,5092b62a-a7f6-4466-bb3f-97459b2e1c48,train,1000.0,manual,,,"bucket1$127,:3,:2001"
2E.OTIS.2020-07-21T01:47:31.827045Z,2E,OTIS,HH,200.0,2001,2020-07-21T01:47:31.827045Z,dc7c68f2-e0e9-49c8-b06a-dedf7f5a6eb6,train,1000.0,manual,,,"bucket1$128,:3,:2001"
2E.OTIS.2020-07-23T16:02:57.517045Z,2E,OTIS,HH,200.0,2001,2020-07-23T16:02:57.517045Z,158bc88c-c3fb-48f6-b156-e82182aac1f2,train,1000.0,manual,,,"bucket1$129,:3,:2001"
2E.OTIS.2020-07-23T17:08:12.657045Z,2E,OTIS,HH,200.0,2001,2020-07-23T17:08:12.657045Z,2ae7906e-1c6c-46a6-8502-ced2811eef75,train,1000.0,manual,,,"bucket1$130,:3,:2001"
2E.OTIS.2020-07-23T18:09:47.912045Z,2E,OTIS,HH,200.0,2001,2020-07-23T18:09:47.912045Z,58d9c8eb-9099-40b9-b125-09d63431ace1,train,1000.0,manual,,,"bucket1$131,:3,:2001"
2E.OTIS.2020-07-23T19:08:26.012045Z,2E,OTIS,HH,200.0,2001,2020-07-23T19:08:26.012045Z,96434817-8321-4eab-93e0-a0ebd6e881fe,dev,1000.0,manual,,,"bucket2$24,:3,:2001"
2E.OTIS.2020-07-23T20:17:40.572045Z,2E,OTIS,HH,200.0,2001,2020-07-23T20:17:40.572045Z,0c8a7f03-ef52-4fd7-87fa-f78a567d9acf,train,1000.0,manual,,,"bucket1$132,:3,:2001"
2E.OTIS.2020-07-23T22:08:29.827045Z,2E,OTIS,HH,200.0,2001,2020-07-23T22:08:29.827045Z,87851b02-8a4f-4b1e-95d0-daddb483de4b,train,1000.0,manual,,,"bucket1$133,:3,:2001"
2E.OTIS.2020-07-23T23:30:16.977045Z,2E,OTIS,HH,200.0,2001,2020-07-23T23:30:16.977045Z,a516be7e-ead5-454f-9cea-db780d7ef55e,train,1000.0,manual,,,"bucket1$134,:3,:2001"
2E.OTIS.2020-07-24T00:36:34.942045Z,2E,OTIS,HH,200.0,2001,2020-07-24T00:36:34.942045Z,77aeda88-e5f6-4308-88e6-b805287cbad2,train,1000.0,manual,,,"bucket1$135,:3,:2001"
2E.OTIS.2020-07-24T02:15:07.947045Z,2E,OTIS,HH,200.0,2001,2020-07-24T02:15:07.947045Z,4aa0ea48-a923-4934-8800-17cffa0d2bb2,train,1000.0,manual,,,"bucket1$136,:3,:2001"
2E.OTIS.2020-07-24T02:58:15.287045Z,2E,OTIS,HH,200.0,2001,2020-07-24T02:58:15.287045Z,d14ff3e4-8518-43fa-9b93-c3cda132409a,test,1000.0,manual,,,"bucket0$30,:3,:2001"
2E.OTIS.2020-07-24T03:42:38.187045Z,2E,OTIS,HH,200.0,2001,2020-07-24T03:42:38.187045Z,07b016f8-6532-4b6b-b8b3-4ddf6e852e28,test,1000.0,manual,,,"bucket0$31,:3,:2001"
2E.OTIS.2020-07-24T05:07:00.887045Z,2E,OTIS,HH,200.0,2001,2020-07-24T05:07:00.887045Z,1213c059-d500-4fa0-b7e5-fadef0a8ea78,dev,1000.0,manual,,,"bucket2$25,:3,:2001"
2E.OTIS.2020-07-24T06:18:00.742045Z,2E,OTIS,HH,200.0,2001,2020-07-24T06:18:00.742045Z,5312a7c3-0ba8-450e-bf51-5b90d9c7deeb,test,1000.0,manual,,,"bucket0$32,:3,:2001"
2E.OTIS.2020-07-24T07:29:56.727045Z,2E,OTIS,HH,200.0,2001,2020-07-24T07:29:56.727045Z,2ddb6d0d-7f6c-4314-86f3-84580078396e,train,1000.0,manual,,,"bucket1$137,:3,:2001"
2E.OTIS.2020-07-24T08:28:22.842045Z,2E,OTIS,HH,200.0,2001,2020-07-24T08:28:22.842045Z,fc18dc90-9049-451f-a5c7-b67287697ad2,train,1000.0,manual,,,"bucket1$138,:3,:2001"
2E.OTIS.2020-07-24T09:28:37.402045Z,2E,OTIS,HH,200.0,2001,2020-07-24T09:28:37.402045Z,29bf70d0-326b-4fee-bf48-eb3bdce69e22,train,1000.0,manual,,,"bucket1$139,:3,:2001"
2E.OTIS.2020-07-24T10:30:05.853500Z,2E,OTIS,HH,200.0,2001,2020-07-24T10:30:05.853500Z,b3ddb7fb-5d17-4202-ad2f-10b9b3088c85,train,1000.0,manual,,,"bucket1$140,:3,:2001"
2E.OTIS.2020-07-24T11:28:16.892045Z,2E,OTIS,HH,200.0,2001,2020-07-24T11:28:16.892045Z,10f3e667-41cb-4fa9-9e26-e7262aa4ea11,train,1000.0,manual,,,"bucket1$141,:3,:2001"
2E.OTIS.2020-07-24T12:39:20.587045Z,2E,OTIS,HH,200.0,2001,2020-07-24T12:39:20.587045Z,0f5c0be2-a960-4996-9c99-7900e6192588,train,1000.0,manual,,,"bucket1$142,:3,:2001"
2E.OTIS.2020-07-24T13:34:57.267045Z,2E,OTIS,HH,200.0,2001,2020-07-24T13:34:57.267045Z,dc420460-f1c9-429d-938d-5a638ff7819a,test,1000.0,manual,,,"bucket0$33,:3,:2001"
2E.OTIS.2020-07-24T14:55:44.652045Z,2E,OTIS,HH,200.0,2001,2020-07-24T14:55:44.652045Z,c1bb9f4d-ed80-45ea-835d-d7840f62dd9d,train,1000.0,manual,,,"bucket1$143,:3,:2001"
2E.OTIS.2020-07-24T17:23:33.012045Z,2E,OTIS,HH,200.0,2001,2020-07-24T17:23:33.012045Z,7275735d-dff7-456b-895a-56eab1cb21a7,dev,1000.0,manual,,,"bucket2$26,:3,:2001"
2E.OTIS.2020-07-24T18:27:35.952045Z,2E,OTIS,HH,200.0,2001,2020-07-24T18:27:35.952045Z,4bbe313b-260d-44e1-9664-be05e626a9f3,train,1000.0,manual,,,"bucket1$144,:3,:2001"
2E.OTIS.2020-07-24T20:02:46.952045Z,2E,OTIS,HH,200.0,2001,2020-07-24T20:02:46.952045Z,dea286e2-3408-4a71-ba50-5eaf69e2c9b1,train,1000.0,manual,,,"bucket1$145,:3,:2001"
2E.OTIS.2020-07-24T21:25:05.097045Z,2E,OTIS,HH,200.0,2001,2020-07-24T21:25:05.097045Z,f542c9a0-7bc8-4003-93fa-9bf8ba23c750,train,1000.0,manual,,,"bucket1$146,:3,:2001"
2E.OTIS.2020-07-24T23:29:18.432045Z,2E,OTIS,HH,200.0,2001,2020-07-24T23:29:18.432045Z,9968aba4-d6ef-45b2-889f-245becb5876a,train,1000.0,manual,,,"bucket1$147,:3,:2001"
2E.OTIS.2020-07-25T02:57:59.975669Z,2E,OTIS,HH,200.0,2001,2020-07-25T02:57:59.975669Z,46edd12a-7154-4527-a84a-280fbfbd1c65,train,,,1000.0,manual,"bucket1$148,:3,:2001"
2E.OTIS.2020-07-26T16:55:25.435115Z,2E,OTIS,HH,200.0,2001,2020-07-26T16:55:25.435115Z,bd40cdca-7ad6-4ce1-8a42-fa41cd1fb3b1,dev,,,1000.0,manual,"bucket2$27,:3,:2001"
2E.OTIS.2020-08-12T21:00:30.482045Z,2E,OTIS,HH,200.0,2001,2020-08-12T21:00:30.482045Z,d1312546-68a0-4490-80b6-d48b7c8e23ad,dev,1000.0,manual,,,"bucket2$28,:3,:2001"
2E.OTIS.2020-08-14T00:45:17.337045Z,2E,OTIS,HH,200.0,2001,2020-08-14T00:45:17.337045Z,ccb33e72-9e3a-4a73-ba6e-def9f196c5a4,test,1000.0,manual,,,"bucket0$34,:3,:2001"
2E.OTIS.2020-08-14T02:37:19.802045Z,2E,OTIS,HH,200.0,2001,2020-08-14T02:37:19.802045Z,d6c041e4-925f-455a-a38a-b352195ed17b,train,1000.0,manual,,,"bucket1$149,:3,:2001"
2E.OTIS.2020-08-14T04:43:57.267045Z,2E,OTIS,HH,200.0,2001,2020-08-14T04:43:57.267045Z,56d246c5-202e-4747-b95d-c928924ed028,train,1000.0,manual,,,"bucket1$150,:3,:2001"
2E.OTIS.2020-08-16T22:29:46.487045Z,2E,OTIS,HH,200.0,2001,2020-08-16T22:29:46.487045Z,980b3aac-0b27-428d-95ee-2ea98ff439a8,dev,1000.0,manual,,,"bucket2$29,:3,:2001"
2E.OTIS.2020-08-17T12:26:20.017045Z,2E,OTIS,HH,200.0,2001,2020-08-17T12:26:20.017045Z,5ebec6f5-12d4-4a8d-aa15-578f711a8baa,train,1000.0,manual,,,"bucket1$151,:3,:2001"
2E.OTIS.2020-08-17T14:03:47.402045Z,2E,OTIS,HH,200.0,2001,2020-08-17T14:03:47.402045Z,36492280-5397-441b-8027-4a8fd9868981,train,1000.0,manual,,,"bucket1$152,:3,:2001"
2E.OTIS.2020-08-17T14:51:21.577045Z,2E,OTIS,HH,200.0,2001,2020-08-17T14:51:21.577045Z,415d5072-46c2-4e63-9381-ac140f0e1e50,test,1000.0,manual,,,"bucket0$35,:3,:2001"
2E.OTIS.2020-09-01T20:24:35.417918Z,2E,OTIS,HH,200.0,2001,2020-09-01T20:24:35.417918Z,d2af5415-16b8-4075-bcc1-f121459f0865,train,1000.0,manual,,,"bucket1$153,:3,:2001"
2E.SQIG.2020-07-25T02:58:00.749115Z,2E,SQIG,HH,200.0,2001,2020-07-25T02:58:00.749115Z,46edd12a-7154-4527-a84a-280fbfbd1c65,train,,,1000.0,manual,"bucket1$154,:3,:2001"
2E.TJTJ.2020-07-12T19:36:12.189471Z,2E,TJTJ,HH,200.0,2001,2020-07-12T19:36:12.189471Z,201b69dc-0bce-4795-b80c-8b1cc4a2542e,test,,,1000.0,manual,"bucket0$36,:3,:2001"
2E.TJTJ.2020-07-12T20:16:44.764471Z,2E,TJTJ,HH,200.0,2001,2020-07-12T20:16:44.764471Z,18524ffc-7574-46fd-8460-c87b4f3a1ae4,train,,,1000.0,manual,"bucket1$155,:3,:2001"
2E.TJTJ.2020-07-13T01:51:39.181895Z,2E,TJTJ,HH,200.0,2001,2020-07-13T01:51:39.181895Z,f2338b3d-428f-4e45-9dd2-4281cfce1430,train,1000.0,manual,1167.0,manual,"bucket1$156,:3,:2001"
2E.TJTJ.2020-07-13T03:17:46.424471Z,2E,TJTJ,HH,200.0,2001,2020-07-13T03:17:46.424471Z,94f15a83-1f90-4991-bdb5-f7b33370c380,dev,,,1000.0,manual,"bucket2$30,:3,:2001"
2E.TJTJ.2020-07-13T04:01:56.484471Z,2E,TJTJ,HH,200.0,2001,2020-07-13T04:01:56.484471Z,592c685b-82ad-4021-ab1d-e91172fa1fda,train,,,1000.0,manual,"bucket1$157,:3,:2001"
2E.TJTJ.2020-07-13T05:13:20.289471Z,2E,TJTJ,HH,200.0,2001,2020-07-13T05:13:20.289471Z,2fac2b7b-0df5-4843-90a7-af00ad0cdf2f,test,,,1000.0,manual,"bucket0$37,:3,:2001"
2E.TJTJ.2020-07-13T06:21:10.499471Z,2E,TJTJ,HH,200.0,2001,2020-07-13T06:21:10.499471Z,6a7f98f6-4465-4f01-87af-dc821d7c7374,train,,,1000.0,manual,"bucket1$158,:3,:2001"
2E.TJTJ.2020-07-13T07:09:06.454471Z,2E,TJTJ,HH,200.0,2001,2020-07-13T07:09:06.454471Z,82227095-03f0-455a-82cf-3854b9783077,dev,,,1000.0,manual,"bucket2$31,:3,:2001"
2E.TJTJ.2020-07-13T08:24:41.603232Z,2E,TJTJ,HH,200.0,2001,2020-07-13T08:24:41.603232Z,6e85ee5d-5a34-462f-b974-561943c2358a,train,,,1000.0,manual,"bucket1$159,:3,:2001"
2E.TJTJ.2020-07-13T11:55:52.616895Z,2E,TJTJ,HH,200.0,2001,2020-07-13T11:55:52.616895Z,8dcf07ed-aa53-439c-98df-e4bc465b0c07,train,1000.0,manual,1167.0,manual,"bucket1$160,:3,:2001"
2E.TJTJ.2020-07-16T15:51:21.532206Z,2E,TJTJ,HH,200.0,2001,2020-07-16T15:51:21.532206Z,2a15ba1f-99d6-4ceb-9c6f-5c40803e65d7,train,,,1000.0,manual,"bucket1$161,:3,:2001"
2E.TJTJ.2020-07-16T18:00:17.317063Z,2E,TJTJ,HH,200.0,2001,2020-07-16T18:00:17.317063Z,7f53c00d-14bc-4bf5-bd71-11979cbb27cd,train,,,1000.0,manual,"bucket1$162,:3,:2001"
2E.TJTJ.2020-07-16T19:10:27.137063Z,2E,TJTJ,HH,200.0,2001,2020-07-16T19:10:27.137063Z,8deaf378-7307-4223-9e51-354f8023e2d8,train,,,1000.0,manual,"bucket1$163,:3,:2001"
2E.TJTJ.2020-07-16T19:57:57.992063Z,2E,TJTJ,HH,200.0,2001,2020-07-16T19:57:57.992063Z,8b117554-3280-4f05-8cfe-9d8a6a8a01ef,train,,,1000.0,manual,"bucket1$164,:3,:2001"
2E.TJTJ.2020-07-16T20:28:52.517063Z,2E,TJTJ,HH,200.0,2001,2020-07-16T20:28:52.517063Z,59fb9d6b-4d4f-4bd7-9478-3ee20eb3751f,train,,,1000.0,manual,"bucket1$165,:3,:2001"
2E.TJTJ.2020-07-16T22:08:56.612063Z,2E,TJTJ,HH,200.0,2001,2020-07-16T22:08:56.612063Z,ac8dc0fe-5e98-4180-9908-7dbb65b99446,train,,,1000.0,manual,"bucket1$166,:3,:2001"
2E.TJTJ.2020-07-16T23:14:18.467063Z,2E,TJTJ,HH,200.0,2001,2020-07-16T23:14:18.467063Z,926d911a-277d-47c3-b3ff-9f98c9e49866,train,,,1000.0,manual,"bucket1$167,:3,:2001"
2E.TJTJ.2020-07-17T00:14:41.517063Z,2E,TJTJ,HH,200.0,2001,2020-07-17T00:14:41.517063Z,ffec101b-330b-4c29-82dc-379a4d667dee,dev,,,1000.0,manual,"bucket2$32,:3,:2001"
2E.TJTJ.2020-07-17T01:27:23.162063Z,2E,TJTJ,HH,200.0,2001,2020-07-17T01:27:23.162063Z,0476fe4e-1ece-4e23-8594-7f45ecb1721e,train,,,1000.0,manual,"bucket1$168,:3,:2001"
2E.TJTJ.2020-07-17T02:26:06.197063Z,2E,TJTJ,HH,200.0,2001,2020-07-17T02:26:06.197063Z,950e5098-b5df-4163-b714-c714941f3ced,train,,,1000.0,manual,"bucket1$169,:3,:2001"
2E.TJTJ.2020-07-17T03:23:39.712063Z,2E,TJTJ,HH,200.0,2001,2020-07-17T03:23:39.712063Z,313770e9-b8c1-458f-a599-4bab3f580f80,train,,,1000.0,manual,"bucket1$170,:3,:2001"
2E.TJTJ.2020-07-17T04:23:39.477063Z,2E,TJTJ,HH,200.0,2001,2020-07-17T04:23:39.477063Z,b043097f-448d-4045-8e70-f93d2ff3882d,train,,,1000.0,manual,"bucket1$171,:3,:2001"
2E.TJTJ.2020-07-17T18:18:17.367063Z,2E,TJTJ,HH,200.0,2001,2020-07-17T18:18:17.367063Z,35de8296-cd81-4da3-a745-dfb373eb9338,train,,,1000.0,manual,"bucket1$172,:3,:2001"
2E.TJTJ.2020-07-18T01:02:07.487063Z,2E,TJTJ,HH,200.0,2001,2020-07-18T01:02:07.487063Z,b5d0d2f4-5082-43fe-842f-0c713c021566,train,,,1000.0,manual,"bucket1$173,:3,:2001"
2E.TJTJ.2020-07-18T01:30:49.727063Z,2E,TJTJ,HH,200.0,2001,2020-07-18T01:30:49.727063Z,94fc8a28-c52b-46c2-8a31-863d317d4387,train,,,1000.0,manual,"bucket1$174,:3,:2001"
2E.TJTJ.2020-07-19T20:31:59.417063Z,2E,TJTJ,HH,200.0,2001,2020-07-19T20:31:59.417063Z,4093113c-8695-4516-b65f-4acd3757a2c4,train,,,1000.0,manual,"bucket1$175,:3,:2001"
2E.TJTJ.2020-07-19T21:38:36.582063Z,2E,TJTJ,HH,200.0,2001,2020-07-19T21:38:36.582063Z,02d6de08-5e50-4e41-9847-ed9524fa2db2,dev,,,1000.0,manual,"bucket2$33,:3,:2001"
2E.TJTJ.2020-07-19T22:07:58.763161Z,2E,TJTJ,HH,200.0,2001,2020-07-19T22:07:58.763161Z,97db3229-e5fa-443f-9271-1f4418e3a424,train,,,1000.0,manual,"bucket1$176,:3,:2001"
2E.TJTJ.2020-07-19T22:14:49.147063Z,2E,TJTJ,HH,200.0,2001,2020-07-19T22:14:49.147063Z,7d297ca6-fa8d-40b4-adcb-6d86c6a9d35e,dev,,,1000.0,manual,"bucket2$34,:3,:2001"
2E.TJTJ.2020-07-19T22:37:25.199813Z,2E,TJTJ,HH,200.0,2001,2020-07-19T22:37:25.199813Z,c1203cae-410a-4a92-b471-5654002683a1,train,1000.0,manual,1159.0,manual,"bucket1$177,:3,:2001"
2E.TJTJ.2020-07-20T08:31:58.552063Z,2E,TJTJ,HH,200.0,2001,2020-07-20T08:31:58.552063Z,1053c303-5751-40a9-ae69-fdf320e75d51,train,,,1000.0,manual,"bucket1$178,:3,:2001"
2E.TJTJ.2020-07-20T13:46:22.592063Z,2E,TJTJ,HH,200.0,2001,2020-07-20T13:46:22.592063Z,55705ec6-c152-46ee-904e-15d11b8f5878,train,,,1000.0,manual,"bucket1$179,:3,:2001"
2E.TJTJ.2020-07-20T14:19:50.602063Z,2E,TJTJ,HH,200.0,2001,2020-07-20T14:19:50.602063Z,112af55a-df48-46f0-9d48-5114b96c60f4,train,,,1000.0,manual,"bucket1$180,:3,:2001"
2E.TJTJ.2020-07-20T15:04:13.892063Z,2E,TJTJ,HH,200.0,2001,2020-07-20T15:04:13.892063Z,27eb226b-2583-4ef6-9415-20a4b5614d34,train,,,1000.0,manual,"bucket1$181,:3,:2001"
2E.TJTJ.2020-07-20T15:56:03.962063Z,2E,TJTJ,HH,200.0,2001,2020-07-20T15:56:03.962063Z,f1893721-19b9-440e-b3b0-34067f6b7ebc,dev,,,1000.0,manual,"bucket2$35,:3,:2001"
2E.TJTJ.2020-07-20T18:47:51.132063Z,2E,TJTJ,HH,200.0,2001,2020-07-20T18:47:51.132063Z,2b12e51c-f187-409b-8a7d-ae82eed677ef,train,,,1000.0,manual,"bucket1$182,:3,:2001"
2E.TJTJ.2020-07-20T19:36:50.292063Z,2E,TJTJ,HH,200.0,2001,2020-07-20T19:36:50.292063Z,637caafc-f43b-40fa-b922-50735abb2205,train,,,1000.0,manual,"bucket1$183,:3,:2001"
2E.TJTJ.2020-07-20T20:29:48.587063Z,2E,TJTJ,HH,200.0,2001,2020-07-20T20:29:48.587063Z,813cfdfc-7af9-4a04-967a-394fc533654a,dev,,,1000.0,manual,"bucket2$36,:3,:2001"
2E.TJTJ.2020-07-20T21:31:59.877063Z,2E,TJTJ,HH,200.0,2001,2020-07-20T21:31:59.877063Z,ebf85a85-424d-4789-92af-116f1c374e88,train,,,1000.0,manual,"bucket1$184,:3,:2001"
2E.TJTJ.2020-07-20T22:32:32.277063Z,2E,TJTJ,HH,200.0,2001,2020-07-20T22:32:32.277063Z,e7368b10-f5a6-4716-8fb7-50c7628a9a26,train,,,1000.0,manual,"bucket1$185,:3,:2001"
2E.TJTJ.2020-07-20T23:32:25.532063Z,2E,TJTJ,HH,200.0,2001,2020-07-20T23:32:25.532063Z,fe0b53c9-f048-434e-bbfe-6e6062c56b65,test,,,1000.0,manual,"bucket0$38,:3,:2001"
2E.TJTJ.2020-07-21T00:33:54.782063Z,2E,TJTJ,HH,200.0,2001,2020-07-21T00:33:54.782063Z,5092b62a-a7f6-4466-bb3f-97459b2e1c48,train,,,1000.0,manual,"bucket1$186,:3,:2001"
2E.TJTJ.2020-07-21T01:47:31.982063Z,2E,TJTJ,HH,200.0,2001,2020-07-21T01:47:31.982063Z,dc7c68f2-e0e9-49c8-b06a-dedf7f5a6eb6,train,,,1000.0,manual,"bucket1$187,:3,:2001"
2E.TJTJ.2020-07-23T15:06:05.982063Z,2E,TJTJ,HH,200.0,2001,2020-07-23T15:06:05.982063Z,c5d3af13-28fd-4850-97aa-9e8788e82992,test,,,1000.0,manual,"bucket0$39,:3,:2001"
2E.TJTJ.2020-07-23T16:02:57.672063Z,2E,TJTJ,HH,200.0,2001,2020-07-23T16:02:57.672063Z,158bc88c-c3fb-48f6-b156-e82182aac1f2,train,,,1000.0,manual,"bucket1$188,:3,:2001"
2E.TJTJ.2020-07-23T17:08:12.812063Z,2E,TJTJ,HH,200.0,2001,2020-07-23T17:08:12.812063Z,2ae7906e-1c6c-46a6-8502-ced2811eef75,train,,,1000.0,manual,"bucket1$189,:3,:2001"
2E.TJTJ.2020-07-23T18:09:48.067063Z,2E,TJTJ,HH,200.0,2001,2020-07-23T18:09:48.067063Z,58d9c8eb-9099-40b9-b125-09d63431ace1,train,,,1000.0,manual,"bucket1$190,:3,:2001"
2E.TJTJ.2020-07-23T19:08:26.167063Z,2E,TJTJ,HH,200.0,2001,2020-07-23T19:08:26.167063Z,96434817-8321-4eab-93e0-a0ebd6e881fe,train,,,1000.0,manual,"bucket1$191,:3,:2001"
2E.TJTJ.2020-07-23T20:17:40.727063Z,2E,TJTJ,HH,200.0,2001,2020-07-23T20:17:40.727063Z,0c8a7f03-ef52-4fd7-87fa-f78a567d9acf,train,,,1000.0,manual,"bucket1$192,:3,:2001"
2E.TJTJ.2020-07-23T22:08:29.982063Z,2E,TJTJ,HH,200.0,2001,2020-07-23T22:08:29.982063Z,87851b02-8a4f-4b1e-95d0-daddb483de4b,train,,,1000.0,manual,"bucket1$193,:3,:2001"
2E.TJTJ.2020-07-23T23:30:17.132063Z,2E,TJTJ,HH,200.0,2001,2020-07-23T23:30:17.132063Z,a516be7e-ead5-454f-9cea-db780d7ef55e,train,,,1000.0,manual,"bucket1$194,:3,:2001"
2E.TJTJ.2020-07-24T00:36:35.097063Z,2E,TJTJ,HH,200.0,2001,2020-07-24T00:36:35.097063Z,77aeda88-e5f6-4308-88e6-b805287cbad2,dev,,,1000.0,manual,"bucket2$37,:3,:2001"
2E.TJTJ.2020-07-24T02:15:08.102063Z,2E,TJTJ,HH,200.0,2001,2020-07-24T02:15:08.102063Z,4aa0ea48-a923-4934-8800-17cffa0d2bb2,train,,,1000.0,manual,"bucket1$195,:3,:2001"
2E.TJTJ.2020-07-24T02:58:15.442063Z,2E,TJTJ,HH,200.0,2001,2020-07-24T02:58:15.442063Z,d14ff3e4-8518-43fa-9b93-c3cda132409a,test,,,1000.0,manual,"bucket0$40,:3,:2001"
2E.TJTJ.2020-07-24T03:42:38.342063Z,2E,TJTJ,HH,200.0,2001,2020-07-24T03:42:38.342063Z,07b016f8-6532-4b6b-b8b3-4ddf6e852e28,train,,,1000.0,manual,"bucket1$196,:3,:2001"
2E.TJTJ.2020-07-24T05:07:01.042063Z,2E,TJTJ,HH,200.0,2001,2020-07-24T05:07:01.042063Z,1213c059-d500-4fa0-b7e5-fadef0a8ea78,dev,,,1000.0,manual,"bucket2$38,:3,:2001"
2E.TJTJ.2020-07-24T06:18:00.897063Z,2E,TJTJ,HH,200.0,2001,2020-07-24T06:18:00.897063Z,5312a7c3-0ba8-450e-bf51-5b90d9c7deeb,train,,,1000.0,manual,"bucket1$197,:3,:2001"
2E.TJTJ.2020-07-24T07:29:56.882063Z,2E,TJTJ,HH,200.0,2001,2020-07-24T07:29:56.882063Z,2ddb6d0d-7f6c-4314-86f3-84580078396e,dev,,,1000.0,manual,"bucket2$39,:3,:2001"
2E.TJTJ.2020-07-24T08:28:22.997063Z,2E,TJTJ,HH,200.0,2001,2020-07-24T08:28:22.997063Z,fc18dc90-9049-451f-a5c7-b67287697ad2,train,,,1000.0,manual,"bucket1$198,:3,:2001"
2E.TJTJ.2020-07-24T09:28:37.557063Z,2E,TJTJ,HH,200.0,2001,2020-07-24T09:28:37.557063Z,29bf70d0-326b-4fee-bf48-eb3bdce69e22,test,,,1000.0,manual,"bucket0$41,:3,:2001"
2E.TJTJ.2020-07-24T10:30:05.992063Z,2E,TJTJ,HH,200.0,2001,2020-07-24T10:30:05.992063Z,b3ddb7fb-5d17-4202-ad2f-10b9b3088c85,train,,,1000.0,manual,"bucket1$199,:3,:2001"
2E.TJTJ.2020-07-24T11:28:17.047063Z,2E,TJTJ,HH,200.0,2001,2020-07-24T11:28:17.047063Z,10f3e667-41cb-4fa9-9e26-e7262aa4ea11,train,,,1000.0,manual,"bucket1$200,:3,:2001"
2E.TJTJ.2020-07-24T12:39:20.742063Z,2E,TJTJ,HH,200.0,2001,2020-07-24T12:39:20.742063Z,0f5c0be2-a960-4996-9c99-7900e6192588,train,,,1000.0,manual,"bucket1$201,:3,:2001"
2E.TJTJ.2020-07-24T13:34:57.422063Z,2E,TJTJ,HH,200.0,2001,2020-07-24T13:34:57.422063Z,dc420460-f1c9-429d-938d-5a638ff7819a,train,,,1000.0,manual,"bucket1$202,:3,:2001"
2E.TJTJ.2020-07-24T14:06:43.622063Z,2E,TJTJ,HH,200.0,2001,2020-07-24T14:06:43.622063Z,c216ef00-f8ef-403c-adb7-0669ed01a815,train,,,1000.0,manual,"bucket1$203,:3,:2001"
2E.TJTJ.2020-07-24T14:55:44.807063Z,2E,TJTJ,HH,200.0,2001,2020-07-24T14:55:44.807063Z,c1bb9f4d-ed80-45ea-835d-d7840f62dd9d,train,,,1000.0,manual,"bucket1$204,:3,:2001"
2E.TJTJ.2020-07-24T15:25:15.502063Z,2E,TJTJ,HH,200.0,2001,2020-07-24T15:25:15.502063Z,294910ba-ae5b-4e19-8ec4-46e44db6ab17,train,,,1000.0,manual,"bucket1$205,:3,:2001"
2E.TJTJ.2020-07-24T17:23:33.167063Z,2E,TJTJ,HH,200.0,2001,2020-07-24T17:23:33.167063Z,7275735d-dff7-456b-895a-56eab1cb21a7,train,,,1000.0,manual,"bucket1$206,:3,:2001"
2E.TJTJ.2020-07-24T18:27:36.107063Z,2E,TJTJ,HH,200.0,2001,2020-07-24T18:27:36.107063Z,4bbe313b-260d-44e1-9664-be05e626a9f3,train,,,1000.0,manual,"bucket1$207,:3,:2001"
2E.TJTJ.2020-07-24T19:08:56.282063Z,2E,TJTJ,HH,200.0,2001,2020-07-24T19:08:56.282063Z,6cd63535-3cc9-4dba-b494-3deec72bb944,test,,,1000.0,manual,"bucket0$42,:3,:2001"
2E.TJTJ.2020-07-24T20:02:47.107063Z,2E,TJTJ,HH,200.0,2001,2020-07-24T20:02:47.107063Z,dea286e2-3408-4a71-ba50-5eaf69e2c9b1,dev,,,1000.0,manual,"bucket2$40,:3,:2001"
2E.TJTJ.2020-07-24T21:25:05.252063Z,2E,TJTJ,HH,200.0,2001,2020-07-24T21:25:05.252063Z,f542c9a0-7bc8-4003-93fa-9bf8ba23c750,train,,,1000.0,manual,"bucket1$208,:3,:2001"
2E.TJTJ.2020-07-24T23:29:18.587063Z,2E,TJTJ,HH,200.0,2001,2020-07-24T23:29:18.587063Z,9968aba4-d6ef-45b2-889f-245becb5876a,dev,,,1000.0,manual,"bucket2$41,:3,:2001"
2E.TJTJ.2020-07-25T00:21:35.877063Z,2E,TJTJ,HH,200.0,2001,2020-07-25T00:21:35.877063Z,34e406cd-12fb-4804-9a5f-0914a43fb325,test,,,1000.0,manual,"bucket0$43,:3,:2001"
2E.TJTJ.2020-07-25T01:45:11.062063Z,2E,TJTJ,HH,200.0,2001,2020-07-25T01:45:11.062063Z,983e3e77-c5e7-4977-83bc-6ff975aa817e,train,,,1000.0,manual,"bucket1$209,:3,:2001"
2E.TJTJ.2020-07-25T02:50:59.712063Z,2E,TJTJ,HH,200.0,2001,2020-07-25T02:50:59.712063Z,0b0d9cbd-1dd7-46e8-8bdb-a2c69da302ca,train,,,1000.0,manual,"bucket1$210,:3,:2001"
2E.TJTJ.2020-07-25T03:42:39.827063Z,2E,TJTJ,HH,200.0,2001,2020-07-25T03:42:39.827063Z,39f5dac5-e396-4513-b614-2a9b8ed8d3f0,train,,,1000.0,manual,"bucket1$211,:3,:2001"
2E.TJTJ.2020-07-25T04:40:20.857063Z,2E,TJTJ,HH,200.0,2001,2020-07-25T04:40:20.857063Z,f06fb84e-ef1c-46b7-bcc9-3f7e42c5120b,dev,,,1000.0,manual,"bucket2$42,:3,:2001"
2E.TJTJ.2020-07-25T05:31:03.882063Z,2E,TJTJ,HH,200.0,2001,2020-07-25T05:31:03.882063Z,6a68f8a0-a183-4501-9fa1-1ffb837052d3,test,,,1000.0,manual,"bucket0$44,:3,:2001"
2E.TJTJ.2020-07-25T05:59:09.437063Z,2E,TJTJ,HH,200.0,2001,2020-07-25T05:59:09.437063Z,4b98b723-d26e-4b1b-9be7-1c8b10073b14,train,,,1000.0,manual,"bucket1$212,:3,:2001"
2E.TJTJ.2020-07-25T07:10:26.162063Z,2E,TJTJ,HH,200.0,2001,2020-07-25T07:10:26.162063Z,a44e5067-2163-48ee-8713-cd09712c4db1,test,,,1000.0,manual,"bucket0$45,:3,:2001"
2E.TJTJ.2020-07-25T08:46:20.692063Z,2E,TJTJ,HH,200.0,2001,2020-07-25T08:46:20.692063Z,2b3c65c3-1321-4f0a-9a60-e2afeb62bdda,test,,,1000.0,manual,"bucket0$46,:3,:2001"
2E.TJTJ.2020-07-25T09:40:31.667063Z,2E,TJTJ,HH,200.0,2001,2020-07-25T09:40:31.667063Z,6985f007-567c-4b78-996c-4412ac34a69d,dev,,,1000.0,manual,"bucket2$43,:3,:2001"
2E.TJTJ.2020-07-25T10:36:49.867063Z,2E,TJTJ,HH,200.0,2001,2020-07-25T10:36:49.867063Z,913feee2-db39-43b7-baa4-ddd29769abc0,train,,,1000.0,manual,"bucket1$213,:3,:2001"
2E.TJTJ.2020-07-25T11:39:15.762063Z,2E,TJTJ,HH,200.0,2001,2020-07-25T11:39:15.762063Z,eec86b40-ffcd-4038-9b0a-f9f927a7f8a5,train,,,1000.0,manual,"bucket1$214,:3,:2001"
2E.TJTJ.2020-07-25T12:43:14.527063Z,2E,TJTJ,HH,200.0,2001,2020-07-25T12:43:14.527063Z,f1876dd2-28ec-40ce-a601-fc2cefa1d5a8,train,,,1000.0,manual,"bucket1$215,:3,:2001"
2E.TJTJ.2020-07-25T13:58:49.797063Z,2E,TJTJ,HH,200.0,2001,2020-07-25T13:58:49.797063Z,326b514e-ee79-4caf-bef4-78ce3ed53182,train,,,1000.0,manual,"bucket1$216,:3,:2001"
2E.TJTJ.2020-07-25T14:48:23.167063Z,2E,TJTJ,HH,200.0,2001,2020-07-25T14:48:23.167063Z,eb72f709-d4a3-4a74-9170-0acfae0d5102,train,,,1000.0,manual,"bucket1$217,:3,:2001"
2E.TJTJ.2020-07-25T16:14:20.562063Z,2E,TJTJ,HH,200.0,2001,2020-07-25T16:14:20.562063Z,204b9dd7-b10e-4d2e-8f89-f73846f459b5,dev,,,1000.0,manual,"bucket2$44,:3,:2001"
2E.TJTJ.2020-07-25T16:58:42.547063Z,2E,TJTJ,HH,200.0,2001,2020-07-25T16:58:42.547063Z,082014c0-3170-4138-8cdf-981c2078d7ed,dev,,,1000.0,manual,"bucket2$45,:3,:2001"
2E.TJTJ.2020-07-25T18:19:25.037063Z,2E,TJTJ,HH,200.0,2001,2020-07-25T18:19:25.037063Z,53cbaf15-5221-4b5a-b27a-51e70cb5ba88,train,,,1000.0,manual,"bucket1$218,:3,:2001"
2E.TJTJ.2020-07-25T19:56:47.712063Z,2E,TJTJ,HH,200.0,2001,2020-07-25T19:56:47.712063Z,93b9db77-1c31-4d64-9c68-a94ea35a44e8,train,,,1000.0,manual,"bucket1$219,:3,:2001"
2E.TJTJ.2020-07-26T12:19:27.987063Z,2E,TJTJ,HH,200.0,2001,2020-07-26T12:19:27.987063Z,3de2dc7a-f540-4968-bc9f-d42376d79d70,train,,,1000.0,manual,"bucket1$220,:3,:2001"
2E.TJTJ.2020-07-26T13:17:31.067063Z,2E,TJTJ,HH,200.0,2001,2020-07-26T13:17:31.067063Z,ec349ab4-0581-4170-9aa0-940af9d291c8,train,,,1000.0,manual,"bucket1$221,:3,:2001"
2E.TJTJ.2020-07-26T14:21:39.542063Z,2E,TJTJ,HH,200.0,2001,2020-07-26T14:21:39.542063Z,17317f51-14f6-403b-a9d0-8bea3e172d9b,train,,,1000.0,manual,"bucket1$222,:3,:2001"
2E.TJTJ.2020-07-26T16:04:05.777063Z,2E,TJTJ,HH,200.0,2001,2020-07-26T16:04:05.777063Z,bb58689f-b930-4121-8c42-a16c9d88ce21,train,,,1000.0,manual,"bucket1$223,:3,:2001"
2E.TJTJ.2020-07-26T16:55:24.192063Z,2E,TJTJ,HH,200.0,2001,2020-07-26T16:55:24.192063Z,bd40cdca-7ad6-4ce1-8a42-fa41cd1fb3b1,train,,,1000.0,manual,"bucket1$224,:3,:2001"
2E.TJTJ.2020-07-27T07:22:33.782063Z,2E,TJTJ,HH,200.0,2001,2020-07-27T07:22:33.782063Z,de297411-3517-40fe-9ad5-928065dfc7ea,dev,,,1000.0,manual,"bucket2$46,:3,:2001"
2E.TJTJ.2020-07-27T08:13:59.512063Z,2E,TJTJ,HH,200.0,2001,2020-07-27T08:13:59.512063Z,d65884a0-bbdd-4828-b3e4-344b95194752,train,,,1000.0,manual,"bucket1$225,:3,:2001"
2E.TJTJ.2020-07-27T12:00:51.002063Z,2E,TJTJ,HH,200.0,2001,2020-07-27T12:00:51.002063Z,dae5ea6c-9f29-44c5-89f4-c35871edf4ea,train,,,1000.0,manual,"bucket1$226,:3,:2001"
2E.TJTJ.2020-07-27T17:10:05.687063Z,2E,TJTJ,HH,200.0,2001,2020-07-27T17:10:05.687063Z,83cbc430-5ee8-4ee4-8d70-2d7dc2127609,dev,,,1000.0,manual,"bucket2$47,:3,:2001"
2E.TJTJ.2020-07-28T15:22:26.511975Z,2E,TJTJ,HH,200.0,2001,2020-07-28T15:22:26.511975Z,84772fa6-41ba-4f1e-8ca9-d50717d81803,train,,,1000.0,manual,"bucket1$227,:3,:2001"
2E.TJTJ.2020-07-28T18:06:10.922063Z,2E,TJTJ,HH,200.0,2001,2020-07-28T18:06:10.922063Z,6c2f18d5-67f1-4d30-902a-71f06d9ca475,train,,,1000.0,manual,"bucket1$228,:3,:2001"
2E.TJTJ.2020-07-28T19:32:59.017063Z,2E,TJTJ,HH,200.0,2001,2020-07-28T19:32:59.017063Z,796c425f-549f-4a56-8470-822958209d58,test,,,1000.0,manual,"bucket0$47,:3,:2001"
2E.TJTJ.2020-07-28T21:04:21.992063Z,2E,TJTJ,HH,200.0,2001,2020-07-28T21:04:21.992063Z,eb23675c-17f7-4e53-8c0e-f365d6784080,train,,,1000.0,manual,"bucket1$229,:3,:2001"
2E.TJTJ.2020-07-28T22:07:33.182063Z,2E,TJTJ,HH,200.0,2001,2020-07-28T22:07:33.182063Z,e4223c32-6a63-4b63-b8ad-fefa9340d405,dev,,,1000.0,manual,"bucket2$48,:3,:2001"
2E.TJTJ.2020-07-28T23:09:43.112063Z,2E,TJTJ,HH,200.0,2001,2020-07-28T23:09:43.112063Z,fcf12d90-85d6-42d8-9a64-5dbefe125323,train,,,1000.0,manual,"bucket1$230,:3,:2001"
2E.TJTJ.2020-07-29T00:02:09.567063Z,2E,TJTJ,HH,200.0,2001,2020-07-29T00:02:09.567063Z,c76dcf21-3372-4858-8c6d-a325a9aeabf0,test,,,1000.0,manual,"bucket0$48,:3,:2001"
2E.TJTJ.2020-07-29T00:44:30.842063Z,2E,TJTJ,HH,200.0,2001,2020-07-29T00:44:30.842063Z,19fc4bf7-0245-4f2f-a582-3bc44990d415,train,,,1000.0,manual,"bucket1$231,:3,:2001"
2E.TJTJ.2020-07-29T01:21:13.327063Z,2E,TJTJ,HH,200.0,2001,2020-07-29T01:21:13.327063Z,0f151787-7c51-47b2-bf11-4de7ff9dedd2,dev,,,1000.0,manual,"bucket2$49,:3,:2001"
2E.TJTJ.2020-07-29T02:18:43.732063Z,2E,TJTJ,HH,200.0,2001,2020-07-29T02:18:43.732063Z,bcbbacb7-f989-4333-8bf9-97a1ce3710c3,test,,,1000.0,manual,"bucket0$49,:3,:2001"
2E.TJTJ.2020-07-29T03:15:03.477063Z,2E,TJTJ,HH,200.0,2001,2020-07-29T03:15:03.477063Z,5c3c271a-fb4d-44ff-9314-18d5458b27a0,test,,,1000.0,manual,"bucket0$50,:3,:2001"
2E.TJTJ.2020-07-29T04:26:35.357063Z,2E,TJTJ,HH,200.0,2001,2020-07-29T04:26:35.357063Z,3f827d9f-5324-4648-8e7b-e851e9f5be0b,train,,,1000.0,manual,"bucket1$232,:3,:2001"
2E.TJTJ.2020-07-29T05:35:47.442063Z,2E,TJTJ,HH,200.0,2001,2020-07-29T05:35:47.442063Z,d3de6b01-675c-4d45-bbd6-438fddc1fd1f,train,,,1000.0,manual,"bucket1$233,:3,:2001"
2E.TJTJ.2020-07-29T06:39:28.027063Z,2E,TJTJ,HH,200.0,2001,2020-07-29T06:39:28.027063Z,03423e04-6ec9-4e50-baee-5d55f820bf73,train,,,1000.0,manual,"bucket1$234,:3,:2001"
2E.TJTJ.2020-07-29T07:22:53.567063Z,2E,TJTJ,HH,200.0,2001,2020-07-29T07:22:53.567063Z,6aa0cfc8-7ff3-4456-87bd-ab1e49fb9e0a,train,,,1000.0,manual,"bucket1$235,:3,:2001"
2E.TJTJ.2020-07-29T08:20:33.337063Z,2E,TJTJ,HH,200.0,2001,2020-07-29T08:20:33.337063Z,f7d67190-db97-4892-8ad3-85812543c2a4,train,,,1000.0,manual,"bucket1$236,:3,:2001"
2E.TJTJ.2020-07-29T09:34:15.667063Z,2E,TJTJ,HH,200.0,2001,2020-07-29T09:34:15.667063Z,f40f0cbd-2bab-48b0-a4f4-56dc9ed88592,test,,,1000.0,manual,"bucket0$51,:3,:2001"
2E.TJTJ.2020-07-29T10:57:36.452063Z,2E,TJTJ,HH,200.0,2001,2020-07-29T10:57:36.452063Z,a6c626a9-9b6a-47aa-9111-c42bb51c6b7a,train,,,1000.0,manual,"bucket1$237,:3,:2001"
2E.TJTJ.2020-07-29T12:07:42.727063Z,2E,TJTJ,HH,200.0,2001,2020-07-29T12:07:42.727063Z,17ad2106-1dc8-4247-ad6e-95316edb12ea,train,,,1000.0,manual,"bucket1$238,:3,:2001"
2E.TJTJ.2020-07-29T13:12:56.687063Z,2E,TJTJ,HH,200.0,2001,2020-07-29T13:12:56.687063Z,70cf16ec-5ad0-4006-a87f-17107a001cb4,train,,,1000.0,manual,"bucket1$239,:3,:2001"
2E.TJTJ.2020-07-29T14:10:53.552063Z,2E,TJTJ,HH,200.0,2001,2020-07-29T14:10:53.552063Z,dbb5dcf2-8e8b-4f0c-9912-ecc9437e7b62,train,,,1000.0,manual,"bucket1$240,:3,:2001"
2E.TJTJ.2020-07-29T15:30:22.602063Z,2E,TJTJ,HH,200.0,2001,2020-07-29T15:30:22.602063Z,04ef8df6-df9c-4b93-bf0b-dfd5ce982c89,train,,,1000.0,manual,"bucket1$241,:3,:2001"
2E.TJTJ.2020-07-29T16:56:02.387063Z,2E,TJTJ,HH,200.0,2001,2020-07-29T16:56:02.387063Z,41849787-dd05-43e2-b5de-dd8c2e2b97b1,train,,,1000.0,manual,"bucket1$242,:3,:2001"
2E.TJTJ.2020-07-29T18:55:13.662063Z,2E,TJTJ,HH,200.0,2001,2020-07-29T18:55:13.662063Z,3ea0ba0c-9c73-4925-8895-56a22d1a6afa,train,,,1000.0,manual,"bucket1$243,:3,:2001"
2E.TJTJ.2020-07-29T22:28:56.557063Z,2E,TJTJ,HH,200.0,2001,2020-07-29T22:28:56.557063Z,2a0163d0-ef26-4e8a-89a5-d4d5c8b710fa,dev,,,1000.0,manual,"bucket2$50,:3,:2001"
2E.TJTJ.2020-07-29T23:36:12.367063Z,2E,TJTJ,HH,200.0,2001,2020-07-29T23:36:12.367063Z,6ce2777b-489c-47c4-a1fe-a4681d6b2998,train,,,1000.0,manual,"bucket1$244,:3,:2001"
2E.TJTJ.2020-07-30T00:54:42.347063Z,2E,TJTJ,HH,200.0,2001,2020-07-30T00:54:42.347063Z,b83dd6b8-20d5-48d8-bba8-92e51b072a15,dev,,,1000.0,manual,"bucket2$51,:3,:2001"
2E.TJTJ.2020-08-01T04:33:13.172063Z,2E,TJTJ,HH,200.0,2001,2020-08-01T04:33:13.172063Z,397bbcfb-17d6-4845-a4d8-9fc8ebd9d0fc,train,,,1000.0,manual,"bucket1$245,:3,:2001"
2E.TJTJ.2020-08-01T08:58:08.417063Z,2E,TJTJ,HH,200.0,2001,2020-08-01T08:58:08.417063Z,300a4d66-89f9-49ee-a005-6a471ede1158,dev,,,1000.0,manual,"bucket2$52,:3,:2001"
2E.TJTJ.2020-08-12T16:24:38.272206Z,2E,TJTJ,HH,200.0,2001,2020-08-12T16:24:38.272206Z,7b79c32b-bd7e-4801-b684-fcf300bb59ca,test,,,1000.0,manual,"bucket0$52,:3,:2001"
2E.TJTJ.2020-08-12T18:59:44.947063Z,2E,TJTJ,HH,200.0,2001,2020-08-12T18:59:44.947063Z,683dfc2d-012a-4a5c-805d-41a6e2cb60fb,train,,,1000.0,manual,"bucket1$246,:3,:2001"
2E.TJTJ.2020-08-12T21:00:30.637063Z,2E,TJTJ,HH,200.0,2001,2020-08-12T21:00:30.637063Z,d1312546-68a0-4490-80b6-d48b7c8e23ad,dev,,,1000.0,manual,"bucket2$53,:3,:2001"
2E.TJTJ.2020-08-12T22:15:14.262206Z,2E,TJTJ,HH,200.0,2001,2020-08-12T22:15:14.262206Z,6992c35f-ff72-40df-a8ff-1789ba666c05,train,,,1000.0,manual,"bucket1$247,:3,:2001"
2E.TJTJ.2020-08-14T00:14:21.180506Z,2E,TJTJ,HH,200.0,2001,2020-08-14T00:14:21.180506Z,2b2ab3b5-d7f6-4792-bc37-81a3a54c98b7,train,1000.0,manual,,,"bucket1$248,:3,:2001"
2E.TJTJ.2020-08-14T00:45:17.492063Z,2E,TJTJ,HH,200.0,2001,2020-08-14T00:45:17.492063Z,ccb33e72-9e3a-4a73-ba6e-def9f196c5a4,train,,,1000.0,manual,"bucket1$249,:3,:2001"
2E.TJTJ.2020-08-14T02:37:19.957063Z,2E,TJTJ,HH,200.0,2001,2020-08-14T02:37:19.957063Z,d6c041e4-925f-455a-a38a-b352195ed17b,train,,,1000.0,manual,"bucket1$250,:3,:2001"
2E.TJTJ.2020-08-14T04:43:57.422063Z,2E,TJTJ,HH,200.0,2001,2020-08-14T04:43:57.422063Z,56d246c5-202e-4747-b95d-c928924ed028,train,,,1000.0,manual,"bucket1$251,:3,:2001"
2E.TJTJ.2020-08-16T22:29:46.642063Z,2E,TJTJ,HH,200.0,2001,2020-08-16T22:29:46.642063Z,980b3aac-0b27-428d-95ee-2ea98ff439a8,test,,,1000.0,manual,"bucket0$53,:3,:2001"
2E.TJTJ.2020-08-17T12:26:20.172063Z,2E,TJTJ,HH,200.0,2001,2020-08-17T12:26:20.172063Z,5ebec6f5-12d4-4a8d-aa15-578f711a8baa,train,,,1000.0,manual,"bucket1$252,:3,:2001"
2E.TJTJ.2020-08-17T14:03:47.557063Z,2E,TJTJ,HH,200.0,2001,2020-08-17T14:03:47.557063Z,36492280-5397-441b-8027-4a8fd9868981,train,,,1000.0,manual,"bucket1$253,:3,:2001"
2E.TJTJ.2020-08-17T14:51:21.732063Z,2E,TJTJ,HH,200.0,2001,2020-08-17T14:51:21.732063Z,415d5072-46c2-4e63-9381-ac140f0e1e50,test,,,1000.0,manual,"bucket0$54,:3,:2001"
2E.TJTJ.2020-08-24T21:05:20.673687Z,2E,TJTJ,HH,200.0,2001,2020-08-24T21:05:20.673687Z,f0f4ccea-3118-48f2-ba03-e07e2bfc5d02,train,,,1000.0,manual,"bucket1$254,:3,:2001"
2E.TJTJ.2020-09-01T20:24:36.301166Z,2E,TJTJ,HH,200.0,2001,2020-09-01T20:24:36.301166Z,d2af5415-16b8-4075-bcc1-f121459f0865,train,1000.0,manual,,,"bucket1$255,:3,:2001"
2E.WICH.2020-04-18T20:18:52.367551Z,2E,WICH,HH,200.0,2001,2020-04-18T20:18:52.367551Z,5013ddd9-af2f-4635-b700-f665ba591b0c,train,,,1000.0,manual,"bucket1$256,:3,:2001"
2E.WICH.2020-04-19T23:39:32.130705Z,2E,WICH,HH,200.0,2001,2020-04-19T23:39:32.130705Z,9f5c524d-7438-4351-aebb-7207c78c0c1f,train,,,1000.0,manual,"bucket1$257,:3,:2001"
2E.WICH.2020-05-02T04:32:23.312127Z,2E,WICH,HH,200.0,2001,2020-05-02T04:32:23.312127Z,ebc68982-9402-4bef-99e6-3232a0dea80c,dev,,,1000.0,manual,"bucket2$54,:3,:2001"
2E.WICH.2020-07-08T16:43:08.114650Z,2E,WICH,HH,200.0,2001,2020-07-08T16:43:08.114650Z,bff2a0bd-1542-41b8-8b81-5d030a2f1e15,test,,,1000.0,manual,"bucket0$55,:3,:2001"
2E.WICH.2020-07-08T17:19:42.327296Z,2E,WICH,HH,200.0,2001,2020-07-08T17:19:42.327296Z,f9165f33-b6de-4ad6-a0be-b606a5d8d78f,train,1000.0,manual,,,"bucket1$258,:3,:2001"
